Distance_Feature,Speeding_Feature
71.24,28
52.53,25
64.54,27
55.69,22
54.58,25
41.91,10
58.64,20
52.02,8
31.25,34
44.31,19
49.35,40
58.07,45
44.22,22
55.73,19
46.63,43
52.97,32
46.25,35
51.55,27
57.05,26
58.45,30
43.42,23
55.68,37
55.15,18
43.84,22
59.26,32
37.14,41
64.3,29
45.75,16
45.97,23
56.04,39
33.64,45
41.67,33
50.68,39
54.22,35
56.2,29
46.16,41
50.22,24
49.66,33
38.61,37
55.28,36
57.87,41
61.69,12
37.41,21
53.83,32
62.98,22
46.97,13
58.03,24
59.87,36
81.34,31
48.56,26
17.66,23
46.01,21
45.34,26
39.64,31
51.22,36
36.21,31
47.32,55
54.87,27
58.97,6
57.3,42
59.94,32
61.72,25
53.19,23
35.13,38
48.47,20
51.17,43
42.14,39
54.31,35
48.93,32
53.51,44
51.72,24
49.86,10
49.2,41
60.2,39
54.06,20
72.91,30
61.92,40
44.2,24
60.75,39
68.36,37
56.39,20
38.19,15
66.19,27
58.2,17
47.55,22
37.62,16
17.81,26
31.25,29
61,41
40.98,33
53.69,24
51.46,9
64.57,29
53.79,23
64.28,34
38.41,24
58.89,42
44.17,33
50.41,43
63.63,28
45.78,24
55.61,20
67.23,5
49.69,38
54.6,30
40.94,59
43.84,36
56.36,19
69.53,23
51.48,19
52.93,41
55.52,8
52.14,23
62.86,21
37.53,33
63.47,25
62.11,33
43.52,25
47.97,27
42.27,37
56.05,30
62.08,37
35.25,53
39.81,25
60.27,33
53.41,22
56.28,27
53.31,25
55.24,30
44.97,29
40.3,43
47.18,42
46.4,34
35.11,15
54.33,38
54.59,64
61.67,50
52.39,19
52.37,6
40.84,25
27.42,27
44.79,31
59.84,37
36,45
47.64,10
51.85,37
59.73,15
42.96,37
51.84,27
59.62,23
58.82,30
50.93,30
41.35,23
24.58,45
57.74,22
38.14,33
51.82,20
41.37,17
55.01,24
64.56,53
46.09,35
57.81,20
46.31,23
66.62,37
42.89,17
40.82,23
50.55,41
40.43,40
53.36,25
44.83,27
35.87,35
46.95,23
47.75,20
57.12,26
38.03,43
54.31,45
50.29,39
33.6,24
45.13,44
31.68,31
72.36,4
48.43,55
44.48,36
56.54,20
54.11,50
49.51,29
50.66,36
61.82,23
50.45,15
67.7,43
41.61,12
39.63,31
36.08,31
45.18,27
49.33,28
48.66,45
53.81,25
35.57,44
48.83,39
69.14,40
60.75,59
52.01,39
47.88,45
40.3,30
48.52,30
55.06,37
48.45,28
58.65,40
69.29,21
51.7,21
69.95,18
53.04,37
47.97,27
64.01,26
61.76,23
49.98,28
81.96,27
56.56,25
51.69,30
54.83,40
54.97,39
44.07,27
45.95,40
42.24,22
43.52,49
51.33,31
56.68,55
51.06,24
41.95,28
53.56,27
47.86,45
43.74,34
41.22,39
45.82,42
44.74,25
53.88,30
44.4,29
59.01,35
53.27,19
45.62,25
53.16,53
50.91,51
33.53,42
46.92,33
59.24,35
48.37,32
50.26,21
38.14,30
63.42,26
57.46,14
63.79,33
58.13,30
56.35,41
52.95,3
55.65,27
29.44,34
49.58,39
31.3,33
43.48,29
48.94,34
43.93,32
53.83,36
53.69,21
60.33,8
40.97,42
49.29,21
56.06,34
66.16,32
32.61,23
37.37,25
46.04,38
57.17,33
41.06,31
47.21,36
55.74,44
56.34,25
61.53,11
61.4,38
59.03,29
26.76,22
48.24,34
50.84,33
64.25,28
23.06,15
47.25,23
59.19,33
32.71,17
48.87,25
58.68,24
51.16,25
49.48,34
16.05,36
53.49,51
57.19,19
49.38,37
38.82,16
49.88,37
48.81,30
58.86,42
45.22,39
49.25,25
71.53,49
49.41,38
63.19,21
48.68,22
50.11,34
43.56,24
49.36,23
23.03,21
36.14,30
37.48,26
46.35,35
41.54,27
66.05,36
47.09,27
33.84,35
41.45,37
56.09,9
54.66,34
53.23,47
53.51,33
48.56,37
35.91,30
58.04,28
37.16,19
42.45,16
62.65,41
51.42,35
46.31,22
51.36,33
63.62,41
56.54,39
48.58,36
30.37,37
51.75,37
61.68,24
56.54,33
41.22,13
46.08,35
53.21,39
57.95,21
53.4,45
50.32,40
62.06,37
32.9,36
43.48,15
47.76,25
41.61,4
28.72,37
53.37,40
37.81,34
48.7,46
53.23,40
43.47,33
64.55,30
59.34,38
29.92,49
45.67,39
44.99,36
51.07,13
57.87,38
57.9,34
45.41,32
66.97,33
49.37,40
49.54,21
51.73,61
29.68,30
66.12,38
52.68,30
50.32,46
63.2,40
45.12,25
38.69,22
50.77,32
48,23
55.36,47
53.11,48
38.51,28
38.96,21
27.4,30
34.95,35
68.86,31
60.4,28
37.33,38
59.63,24
33.92,43
43.98,6
53.74,31
45.51,33
55.09,19
68.87,18
58.44,19
43.75,19
47.07,33
47.89,28
53.3,41
57.02,37
43.44,31
38.49,21
61.08,24
62.52,41
60.04,34
53.63,20
44.96,46
43.37,50
31.88,30
41.01,37
53.72,13
48.05,18
63.38,41
55.92,22
51.54,22
39.27,34
59.22,14
57.77,14
60.84,9
63.59,21
53.12,30
58.89,9
61.69,36
49.56,24
45.44,29
50.28,21
47.42,35
45.8,28
38.07,23
44.13,24
51.91,59
51.7,36
39.66,19
49.73,26
52.86,24
55.81,29
42.86,24
52.31,25
62.35,28
32.9,16
48.51,23
45.33,12
49.09,12
37.89,14
67.15,17
48.01,32
45.44,28
52.54,22
59.23,40
31.85,37
49.4,54
51.11,25
64.34,47
58.32,42
46.99,13
65.75,34
62.34,12
51.33,38
50,27
63.06,27
64.66,24
54.99,36
40.95,35
52.29,40
40.47,30
59.56,42
58,46
55.12,34
59.21,26
65.54,39
55.64,24
62.4,40
51.01,22
48.83,24
57.58,35
47.21,34
49.26,26
59.51,30
46.12,33
51.7,37
85.36,17
40.04,35
34.77,5
45.1,4
56,8
38.14,5
53.39,5
50.55,7
48.8,6
55.99,3
48.37,4
55.19,6
51.51,5
43.29,9
44.96,7
43.45,5
48.92,8
52.9,6
50.99,5
45.08,5
53.36,2
53.27,4
51.93,6
64.96,6
49.22,5
59.82,7
45.24,4
60.4,7
35.14,5
43.86,6
57.49,6
47.98,7
48.33,7
52.42,3
40.59,6
42.54,3
39.43,6
67.04,4
32.58,5
41.75,9
55.95,4
49.61,4
43.04,8
33.5,5
47.25,6
47.47,7
29.47,8
52.55,2
52.6,3
58.98,6
44.94,4
59.72,7
57.38,5
46.76,6
35.58,5
42.55,10
46.44,5
29.66,1
30.77,8
65.73,8
73.5,6
41.94,3
38.2,6
49.47,4
42.9,6
44.02,4
74.03,6
41.73,7
63.6,4
59.71,4
51.75,4
49.68,5
43.6,1
60.76,6
44.84,2
53.99,4
46.74,4
48.99,7
56.28,4
49.19,3
51.3,5
62.3,6
64.5,5
43.31,3
50.87,4
33.18,1
60.07,2
47.48,2
38.98,5
61.65,4
60.52,9
50.87,4
40.61,4
61.48,3
50.18,6
50.89,10
51.97,4
52.07,5
31.06,3
52.44,6
35.84,9
52.66,7
50.39,4
54.05,1
25.78,3
51.53,8
36.51,7
48.2,6
47.23,5
60.59,6
59.46,8
54.7,4
45.16,4
44.92,3
53.44,5
32.54,9
44.51,5
62.26,6
39.05,3
37.68,4
42.33,10
66.06,4
32.94,7
39.67,4
63.08,9
73.78,4
45.24,5
59.71,9
39.79,6
35.93,6
49.1,5
50.22,8
68.63,8
62.03,6
55.64,7
55.4,8
52.28,8
39.84,1
35.52,5
48.79,3
70.7,2
61.92,4
59.86,4
68.37,5
47.65,4
46.7,0
31.24,1
49.47,10
50.58,8
38.61,6
42.83,6
59.72,7
50.21,2
38.04,7
66.87,6
31.07,3
57.66,6
50.89,5
35.99,5
62.2,4
56.52,2
63.05,1
46.99,3
30.45,2
58.23,6
37.05,5
31.14,4
28.91,4
58.82,4
34.34,3
32.49,3
57.76,3
73.89,4
38.4,8
44.13,5
42.26,6
45.89,7
62.56,8
53.54,6
55.4,4
48.81,3
51.01,7
36.88,7
56.42,6
39.94,4
38.7,8
47.39,6
64.67,3
67.47,5
49.39,6
43.1,6
34.03,5
32.72,0
60.65,5
57.26,6
55.1,4
61.06,4
38.91,4
51.35,3
56.87,6
50.2,5
55.34,6
47.95,3
47.47,6
35.44,6
31.45,8
28.16,3
68.57,6
41.5,5
53.75,8
37.47,5
55.63,4
50.45,7
51.61,3
38.08,7
37.26,5
33.01,4
45.87,6
45.45,4
53.15,8
54.58,5
53.08,2
43.09,4
34.46,4
52.19,4
55.54,5
51.45,5
62.7,1
50.18,8
53.44,6
53.42,4
54.52,4
50.89,6
64.49,9
51.92,8
57.49,6
42.97,1
43.27,4
44.69,6
54.16,3
50.07,4
48.42,5
42.59,6
50.69,4
62.86,3
51.78,2
47.89,3
38.05,1
54.09,4
38.88,4
58,5
42.04,5
35.44,2
43.73,8
65.7,5
43.3,5
54.89,3
54.69,6
46.22,6
47.7,5
39.19,8
57.11,3
47.65,7
38.13,2
33.77,4
54.62,6
51.86,4
56.75,6
50.98,4
46.99,6
52.3,4
47.64,5
28.82,9
53.48,2
45.16,6
56.73,4
71.55,4
32.1,2
41.81,3
52.98,3
43.82,3
40.81,3
46.33,8
37.48,6
42.87,4
54.26,5
46.69,6
48.46,6
56.82,8
48.73,4
38.76,4
38.23,2
54.06,6
42.25,9
35.22,3
43.64,5
45.7,5
45.41,6
70.97,4
36.19,4
56.54,3
44.52,1
42.87,6
33.86,5
65.17,10
42.75,4
42.59,6
45.15,3
49.7,3
55.39,2
32.12,6
60.07,6
62.34,3
75.84,3
49.46,8
58.15,7
49.1,9
45.97,4
37.1,6
55.74,6
42.81,6
53.28,5
43.15,3
54.53,4
69.29,4
42.99,4
66.21,4
50.94,5
53.75,6
45.17,5
44.64,7
39.62,7
54.55,7
53.05,4
54.35,1
48.64,6
49.34,5
46.83,2
31.81,4
34.46,3
27.3,5
53.95,3
46.57,6
33.36,6
36.42,7
65.73,5
49.9,5
56.31,3
33.04,3
48.62,10
47.42,5
68.57,4
45.07,4
56.07,7
47.01,6
51.53,6
51.81,7
66.83,6
50.79,4
46.33,2
30.52,11
41.67,1
53.38,7
60.45,6
41.56,3
28.94,4
43.5,8
56.31,6
67.77,4
41.93,2
71.73,5
57.04,0
38.44,7
55.64,5
57.39,2
60.07,3
46.69,2
46.59,3
55.64,3
46.09,4
46.25,2
61.75,8
66.17,4
58.07,6
56.07,4
49.81,6
49.75,5
35.17,9
55.71,5
49.71,4
48.97,3
61.79,5
42.77,7
47.63,8
67.19,4
52.03,3
55.64,5
44.09,5
49.52,7
49.78,4
39.56,5
50.54,8
39.46,9
41.69,5
48.03,8
37.91,5
40.81,4
58.1,2
49.63,5
59.36,7
37.14,6
49.41,6
57.34,2
46.58,7
42.21,6
41.14,2
37.63,3
60.88,5
64.56,3
58.97,6
51.2,6
52.84,3
22.36,5
60.75,2
60.38,4
64.18,1
71.11,6
31.35,3
52.38,4
54.01,4
51.31,5
65.89,3
51.92,7
57.51,5
48.94,3
34.86,6
42.96,3
38.96,4
41.74,8
66.37,5
31.92,4
52.07,6
55.77,5
59.03,4
49.53,7
56.58,7
33.62,7
70.55,6
63.68,2
61.78,9
39.21,8
37.13,5
57.08,6
24.9,8
55.34,5
43.47,7
73.8,6
58.36,10
52.88,4
44.65,6
46.85,5
55.2,7
58.28,0
67.36,6
50.38,5
56.21,1
47.79,6
63.18,5
57.18,5
58.44,6
60.4,6
43.94,4
53.34,3
42.96,3
46.07,3
52.09,9
57.35,5
72.05,7
55.19,4
33.32,4
51.53,4
52.11,5
46.24,7
51.59,6
63.62,6
59.02,5
53.71,6
60.37,6
56,9
58.05,5
50.86,6
39.44,8
44.61,8
54.2,10
36.76,5
74.83,4
46.57,6
50.74,4
46.85,4
52.01,4
63.96,6
68.24,2
43.22,7
51.73,6
44.04,5
53.66,6
54.99,4
59.09,5
64.15,6
28.36,7
57.13,4
54.29,9
70.87,7
46.55,5
64.77,5
48.84,5
51.37,2
75.54,7
44.68,7
46.59,4
46.66,8
50.36,3
51.39,4
53.95,2
57.78,7
45.77,4
44.64,6
42.6,2
63.59,3
53.75,6
55.88,3
31.35,7
42.2,5
50.1,7
40.18,4
43.8,3
41.84,7
57.03,4
70.83,5
54.96,3
72.8,1
45.58,5
61.79,3
39.81,4
60.9,3
53.76,9
55.85,5
63.36,6
63.15,6
58.98,6
44.21,5
42.09,2
39.78,5
70.77,5
54.82,3
54.07,5
56.74,7
42.78,5
22.27,7
43.07,4
43.5,4
58.48,8
40.4,6
54.84,5
51.83,6
53.08,2
51.08,7
63.84,1
40.95,6
48.07,4
63.67,7
56.59,2
39.37,5
46.7,6
50.53,6
54.02,4
47.21,4
48.05,9
52.01,7
65.61,4
58.38,5
51.45,5
51.74,3
54.57,3
53.41,8
46.4,5
39.22,3
56.13,5
48.63,7
40.75,4
50.55,5
45.64,3
59.35,4
50.47,1
36.82,3
46.86,4
43.53,2
48.16,6
48.21,2
59.44,7
42.9,6
57.77,2
46.41,5
40.59,9
44.24,4
60.7,1
52.5,3
56.38,10
45.2,6
48.46,6
48.5,6
45.83,2
54.89,4
38.09,2
52.25,5
48.21,8
50.43,7
50.07,2
48.47,9
66.46,6
40.46,5
15.52,3
62.54,4
39.57,6
47.88,7
27.5,3
45.97,7
42.01,4
62.54,4
46.36,3
47.58,10
51.68,4
71.04,4
55.43,4
36.37,2
52.4,3
36.89,6
54.39,7
54.56,5
60.76,5
30.32,3
58.49,6
59.55,8
30.84,7
44.06,1
37.52,6
64.31,5
50.05,4
54.52,6
56.53,5
59.16,8
56.49,6
33.68,4
54.42,7
47.62,5
52.44,7
55.47,7
41.38,8
60.32,3
42.71,5
41.83,8
48.98,4
57.87,5
41.84,4
55.12,6
38.5,1
37.73,4
36.91,3
37.5,6
60.28,2
45.51,6
51.59,4
49.46,6
57.05,4
41.16,2
55.64,5
56.91,3
57.02,7
60.17,5
45.68,3
68.44,6
58.77,5
51.97,2
58.28,5
50.39,5
23.9,6
36.91,6
48.86,4
70.21,6
61.06,3
49.54,9
47.36,7
54.75,5
62.01,4
56.41,3
32.09,2
42.75,7
73.66,5
54.27,5
42.71,7
46.62,3
45.74,4
53.28,5
41.83,5
48.76,4
47.89,4
49.28,2
56.76,6
42.92,6
44.74,8
51.19,5
41.78,5
47.95,9
58.91,6
52.6,7
53.59,2
48.09,6
39.06,1
57.59,4
44.44,3
59.68,4
57.78,4
27.86,8
48.62,9
54.09,5
39.3,2
38.32,5
43.68,1
53.08,5
55.26,5
51.24,2
50.03,3
49.38,3
68.26,5
44.97,8
43.36,3
42,8
56.86,6
36.67,7
34.28,2
57.2,5
61.23,7
41.21,5
43.36,4
43.16,6
55.7,5
46.44,5
55.43,3
55.96,8
60.51,2
55.29,6
64.11,5
47.18,7
49.05,5
41.91,5
39.94,6
52.03,5
47.6,4
57.05,9
57.45,5
29.65,3
44.09,4
61.38,9
39.04,4
48.86,10
42.99,8
53.51,8
63.68,6
35.51,7
38.84,4
52.64,6
65.57,6
47.85,7
57.64,4
62.54,7
52.2,7
35.54,7
41.49,6
49.31,6
33.9,6
41.13,4
57.57,1
40.22,6
39.79,4
56.45,4
51.2,3
54.34,6
75.52,0
37.02,2
57.63,8
37.91,7
36.49,5
44.97,9
49.35,10
53,4
56.63,5
66.45,4
41.42,7
59.14,8
36.8,4
55.03,2
51.24,5
45.52,4
50.75,5
73.97,3
40.05,5
49.55,3
60.58,3
36.12,4
43.7,7
77.82,9
42.41,7
46.46,6
42.52,5
48.96,6
41.59,3
58.07,5
49.89,9
71.42,3
48.29,5
47.24,3
42,5
52.11,8
54.97,5
58.11,9
72.99,4
58.53,2
56.08,4
33.77,3
39.31,3
33.46,8
48.75,8
64.69,5
38.47,2
47.13,3
50.73,9
34.4,2
33.48,5
45.9,7
49.23,3
51.51,6
49.18,5
57.78,5
28.74,5
45.15,5
50.93,7
61.99,5
47.9,3
65.76,4
56.57,8
48.53,4
53.39,7
43.86,8
58.52,6
66.75,7
68.18,5
62.89,5
55.64,4
53.12,6
57.4,9
35.52,6
40,3
58.5,5
27.59,7
45.9,6
62.47,7
38.7,5
53.45,4
56.48,3
58.94,5
58.46,8
58.46,5
57.82,1
46.11,4
57.25,6
35.04,5
38.49,7
62.91,4
51.77,5
34.74,8
48.67,3
72.61,4
41.2,3
45.08,4
54.41,7
36.24,2
43.29,4
35.7,2
49.07,7
53.42,7
66.52,2
54.8,8
51.22,4
40.14,1
45.01,7
67.27,3
55.42,6
45,7
63.99,5
50.13,7
41.71,8
64.48,3
52.58,7
50.79,5
60.41,8
44.97,6
43.83,3
41.84,7
60.82,5
46.26,7
44.7,4
42.04,3
38.93,1
57.13,5
37.52,1
59.66,3
49.6,4
40.66,7
48.05,7
55.67,3
43.35,3
46.51,6
70.91,7
44.03,7
35.2,6
43.3,5
44.78,6
52.82,5
37.21,5
42.7,6
33.32,8
58.67,6
58.13,7
47.11,6
45.39,6
39.61,6
63.94,4
45.15,3
59.59,6
64.19,4
45.63,7
47.64,3
63.75,8
54.16,5
66.42,4
45.96,4
37.21,6
70.05,7
54.32,3
49.09,5
47.47,7
56.14,6
47.57,5
55.15,9
52.99,9
68.57,4
35.46,5
27.32,6
44.74,2
46.55,5
36.59,7
45.58,0
68.64,9
36.22,5
43.94,6
39.21,5
32.36,5
70.25,6
51.06,7
46.92,6
44.49,7
62.01,2
32.33,7
54.26,3
52.53,6
50.69,8
53.79,5
36.19,2
42.01,4
31.12,5
56.16,6
62.38,2
52.32,6
34.81,3
42.03,4
43.61,8
63.2,7
41.61,4
33.45,5
39.06,8
53.51,1
19.62,3
41.26,7
51.31,3
32.51,2
53.18,7
51.24,5
48.97,4
68.7,3
74.14,5
38.76,6
46.39,6
56.55,2
50.93,10
44.51,1
76.31,4
59.02,3
45.85,6
59.98,6
44.15,5
56.09,11
41.52,5
71.33,4
66.13,4
38.77,5
48.5,7
43.65,5
52.81,10
57.35,7
57.27,4
58.51,6
48.44,7
45.99,3
62.48,8
53.07,1
43.96,5
55.07,6
34.54,2
50.82,6
55.45,8
50.43,7
59.81,8
48.09,3
64.81,8
48.74,7
53.44,1
52.31,3
38.29,6
47.79,9
71.67,7
37.41,5
52.13,7
63.03,2
52.1,2
47.39,5
42.57,5
76.89,5
52.59,6
56.08,8
38.66,1
45.23,5
52.85,5
56.87,6
36.66,4
48.88,2
60.99,4
48.69,6
36.84,6
36.08,5
49.37,3
51.82,5
42.53,4
44.13,6
53.27,6
54.33,6
65.01,6
51.46,4
56.07,6
53.48,5
71.54,1
44.69,3
36.53,6
50.75,4
57.83,7
47.41,3
52.98,6
46.99,6
66.27,5
33.42,9
61.98,4
34.11,1
52.42,7
57.05,5
54.73,5
64.47,2
31.38,7
68.87,5
57.61,5
57.65,8
58.08,4
51.31,6
66.32,6
51.75,5
51.75,6
34.26,5
48.79,6
23.46,2
61.32,4
44.18,5
38.98,7
41.52,8
64.71,5
55.04,4
41.94,3
46.88,6
73.97,3
35.55,5
51.54,9
53.32,4
63.86,2
33.69,8
47.34,6
35.38,4
61.31,4
55.71,1
58.87,3
43.3,5
36.19,8
47.62,5
39.87,5
51.76,9
46.82,5
59.73,8
60.88,7
55.99,4
46.93,3
62.48,2
59.47,5
49.09,5
42.49,5
36.63,5
57.03,6
40.71,6
42.1,6
53.8,3
53.5,2
37.27,6
44.17,6
39.32,5
48.39,6
57.14,5
47.26,3
38.03,5
31.36,5
68.26,6
54.23,2
52.52,1
52.19,3
78.26,4
78.56,4
58.48,5
47.36,7
50.25,6
76.26,2
34.12,4
49.99,7
60.89,6
51.83,6
40.4,2
64.86,8
51.32,3
55.83,4
61.88,2
45.35,4
55.7,1
40.17,2
61.46,7
41.67,4
44.85,3
53.25,8
41.92,5
63.38,4
55.52,8
59.16,7
62.14,6
33.4,9
41.01,3
39.59,3
48.31,6
47.96,4
40.43,5
50.35,4
46.08,3
48.83,5
50.29,4
56.23,4
36.93,4
51.13,8
45.21,3
47.56,8
49.5,9
41.22,8
65.02,3
61.22,9
39.6,7
59.64,6
50.75,8
55.84,3
51.12,6
54.09,6
45.71,7
64.43,5
51.49,2
42.73,5
55.28,2
46.47,7
65.79,3
42.04,5
52.88,5
51.86,2
42.75,4
41.34,3
37.14,6
51.39,9
41.93,4
64.54,7
50.24,8
43.43,10
26.87,3
55.75,3
51.23,5
45.6,4
53.04,9
74.2,3
68.53,3
61.21,1
51.91,2
39.73,7
63.49,4
41.37,1
58.09,6
41.1,4
29.32,6
53.43,5
42.54,5
48.38,6
53.68,2
43.9,1
50.56,4
62.59,4
37.18,3
48.98,6
46.67,6
56.56,3
48.74,3
63.24,3
36.26,11
37.36,2
48.48,1
29.42,7
55.04,5
54.05,2
49.24,1
51.72,5
43.03,7
56.77,7
31.62,5
30.61,2
39.68,4
44.39,4
47.51,9
59.39,5
65.3,5
44.3,3
47.74,3
57.2,7
37.62,3
44.39,3
51.67,5
59.58,4
42.08,7
34.59,5
60.39,8
59.46,6
56.72,3
55.09,4
59.63,3
54.41,4
46.15,5
29.92,4
52.07,3
57.64,6
55.9,3
44.65,4
60.79,6
50.38,6
62.09,3
51.05,4
53.11,2
64.75,7
61.68,6
51.3,5
59.63,1
56.13,6
42.12,4
60.37,7
37.6,6
51.12,4
46.04,2
42.52,10
66.51,10
37.17,5
55.8,5
56.27,4
65.04,8
43.77,6
63.01,7
42.77,6
44.26,8
55.84,9
52.42,7
29.67,5
46.95,8
46.28,5
55.74,5
56.12,3
54.26,4
56.04,1
60.79,8
50.19,5
50.72,6
52.72,2
61.67,5
47.17,5
51.93,5
38.38,6
57.32,9
39.57,4
68.99,4
35.39,7
56.91,8
48.66,4
57.91,4
41.25,6
46.26,8
27.99,2
40.4,5
45.54,3
34.68,6
48.75,6
46.79,7
53.83,6
51.13,5
61.03,7
32.3,5
55.84,5
29.73,4
58.43,5
45.56,3
56.99,7
42.04,4
54.03,3
49.17,5
55.12,6
39.28,6
39.88,4
34.49,8
50.52,7
40.7,2
53.33,3
34.04,5
45.54,11
52.09,8
45.01,8
52.06,3
58.46,5
37.58,7
46.91,2
48.57,8
25.39,7
53.29,8
55.97,3
39.14,7
48.74,4
52.26,2
67.57,7
38.43,4
29.59,4
39.81,8
37.84,3
53.56,2
48.79,2
37.66,2
52.05,7
65.27,6
38.74,6
29.28,3
21.6,3
28.7,0
46.08,7
42.02,5
49.96,1
48.05,9
61.36,5
52.83,7
69.19,4
33.2,3
51.27,5
54.48,2
42.47,7
46.2,5
47.92,2
49.43,5
38.26,5
30.5,5
48.88,7
49.45,4
60.69,6
57.36,7
51.15,6
30.3,1
55.41,3
44.98,3
56.9,10
36.37,5
55.2,1
66.98,9
65.93,3
50.89,5
40.97,3
46.17,3
43.19,5
42.01,6
66.26,6
48.41,6
64.68,10
65.17,2
40.48,4
38.74,7
39.83,4
42.94,3
54.04,7
35.32,6
62.47,4
39.72,7
47.95,9
40.29,7
51.25,5
51.77,3
32.28,8
44.08,5
52.84,4
48.98,3
57,8
58.22,5
41.38,2
45.01,7
43.28,9
52.78,9
37.25,8
53.88,3
53.84,6
52.7,1
44.56,4
50.16,7
51.76,4
40.61,4
56.47,8
41.94,6
62.92,7
65.48,7
48.82,2
39.13,4
30.27,4
47.01,6
39.04,4
36.6,4
60.09,3
38.5,7
60.46,3
48.26,5
46.74,2
44.85,2
61.38,6
63.88,6
44.43,4
59.64,6
55.07,1
56.72,7
52.33,4
47.04,7
45.59,6
45.47,5
50.18,3
38.85,8
51.57,3
56.38,1
43.52,8
53.46,5
45.74,4
46.48,6
50.63,8
43.06,3
34.77,4
47.34,5
59.12,11
41.22,4
46.41,10
45.58,4
45.28,7
55.43,6
54.32,4
40.04,3
62.46,5
60.24,4
54.78,6
52.11,4
46.1,6
46.13,9
45.62,5
56.74,3
42.62,4
74.88,7
33.22,3
39.93,4
60.35,2
54.66,4
34.96,6
58.1,8
46.64,2
63,6
48.1,9
38.66,3
48.91,0
63.5,4
44.26,4
36.23,3
45.16,5
49.35,8
49.73,11
54.63,5
54.04,7
60.63,6
40.05,0
61.61,1
45.63,8
40.1,4
35.24,7
49.02,7
50.07,8
54.38,4
56.85,3
42.39,4
49.53,4
37.42,8
57.2,6
38.4,4
50.1,5
53.42,1
50.55,4
45.7,7
48.56,3
59.31,7
46.6,4
49.49,3
40.67,5
62.34,3
56.89,7
52.19,4
39.67,5
49.69,5
56.33,3
44.21,5
43.54,6
33.63,5
58.27,1
40.18,6
50.38,5
37.68,5
50.65,3
44,7
50.05,8
56.99,7
66.04,5
33.17,2
45.31,6
64.43,8
52.05,4
45.12,4
55.8,8
55.43,4
43.25,4
55.56,4
47.95,8
66.13,5
50.75,2
64.75,4
36.52,7
60.46,4
49.37,9
50.69,7
70.29,8
50.64,2
38.68,4
56.9,3
43.42,8
40,6
66.08,4
62.75,6
50.25,10
41.55,3
51.98,3
56.02,5
47.55,3
45.86,6
44.31,4
63.6,2
51.62,6
47.76,3
49.68,9
45.02,5
37.79,3
49.27,5
39.67,9
50.9,9
29.54,5
44.2,6
59.43,5
45.78,8
48.82,5
51.48,6
36.11,9
47.52,6
57.27,9
47.95,5
49.19,7
54,4
52.27,7
62.39,4
48.22,5
71.83,5
42.53,3
41.02,9
39.76,8
54.67,4
65.55,3
56.67,5
58.09,3
45.26,11
48.47,6
60.23,2
39.97,3
67.34,1
67.87,3
29.69,6
54.15,5
51.15,3
50.1,5
68.64,3
54.16,3
43.23,3
63.62,4
52.73,3
64.16,7
50.08,3
47.15,3
49.3,1
43.37,4
49.88,5
55.95,8
47.52,8
56.61,6
53.26,6
55.77,5
44.67,7
55.07,4
39.75,3
65.73,5
49.55,3
59.63,4
54.67,5
56.32,8
44.71,6
45.95,3
54.84,6
47.34,6
45.73,3
48.84,7
57.45,6
60.97,9
50.64,4
52.12,5
34.72,5
53.49,4
56.82,3
50.26,5
44.29,6
29.93,4
58.14,7
43.63,8
52.03,4
55.81,6
69.54,7
35.54,6
37.06,8
44.46,4
53.36,11
54.1,8
41.54,8
37.17,2
48.39,5
51.92,7
60.39,7
40.03,4
32.36,5
65.55,2
58.83,3
59.37,6
74.91,5
51.97,5
35.67,5
41.93,4
48.01,6
29.85,6
57.22,7
52.76,4
71.84,3
57.11,5
45.24,3
65.49,6
58.16,9
30.44,3
58.54,7
55.85,5
54.94,7
66.46,6
44.42,6
63.96,5
44.38,5
67.31,5
54.63,2
50.98,0
66.8,6
52.43,6
39.4,8
50.63,3
49.28,6
72.16,5
36.74,7
52.48,8
59.95,7
65.88,8
49.83,9
60.85,5
59.7,10
66.76,2
50.68,4
44.67,5
53.88,4
48.34,4
46.08,3
58.53,8
53.43,6
51.34,8
74.11,6
55.79,5
71.3,8
59.34,9
73.13,3
38.97,4
31.88,7
26.14,5
35.39,8
60.21,6
49.17,0
35.29,3
51.57,5
56.01,4
59.08,5
56.78,6
56.02,5
31.3,5
56.1,9
60.55,7
64.6,3
32.09,6
52.49,6
61.01,7
57.26,6
34.42,6
44.44,7
45.53,5
44.78,6
31.13,6
39.02,4
53.34,2
51.01,5
48.81,6
50.16,4
66.56,4
51.05,4
51.44,5
49.22,5
44.82,7
55.23,8
45.51,3
44.53,4
25.9,3
61.28,6
30.89,5
41.6,6
69.79,6
47.48,3
50.64,3
62.55,3
40.97,6
64.38,6
72.33,5
57.8,8
60.3,7
45.25,8
61.46,6
50.14,3
51.31,2
41.42,6
33.65,8
37.09,7
35.76,7
54.8,6
41.47,6
43.54,4
42.72,3
56.12,2
51.91,6
39.26,7
50.81,5
53,5
43.65,8
58.17,5
58.88,5
49.9,6
49.94,3
63.02,3
41.73,4
58.95,2
52.33,6
49.25,7
71.63,6
53.34,8
40.49,5
35.32,2
41.45,3
61.34,5
43.15,8
42.32,5
30.44,4
56.59,6
45.05,4
47.22,7
34.87,4
47.16,4
44.75,3
41.62,9
47.67,4
51.09,7
54.14,8
74.51,5
51.47,7
29.96,6
35.52,6
51.63,7
31.73,8
65.39,5
41.39,10
43.95,5
54.48,8
58.12,8
53.04,4
43.05,4
56.28,7
42.21,8
35.47,3
42.97,8
70.3,2
41.82,3
63.43,10
45.45,3
56.25,6
41.64,1
49.85,5
44.93,5
45.35,6
66.26,3
56.11,1
40.37,4
27.14,4
46.89,6
52.27,1
40.92,6
58.37,2
32.08,4
50.93,6
67.87,2
59.36,7
47.05,5
59.87,4
32.52,10
43.65,2
49.98,4
61.27,6
40.5,4
62.04,5
50.56,3
31.4,7
41.91,6
38.34,4
42.44,3
45.94,6
60.7,3
55.02,3
50.91,5
54.92,2
65.84,6
55.84,4
51.61,2
45.94,3
31.39,5
41.02,7
34.61,6
34,6
34.34,0
53.94,4
53.75,3
69.02,5
60.75,5
50.41,3
49.24,5
65.23,5
44.8,7
48.77,6
48.43,3
56.71,8
53.06,5
26.95,8
46.54,4
43.23,4
59.07,1
35.88,4
49.41,7
45,7
58.96,6
60.01,6
43.02,7
43.2,7
62.91,7
39.21,6
40.92,7
41.31,5
69.15,3
69.44,8
48.14,3
53.95,3
62.97,2
74.19,9
51.73,3
28.32,3
46.75,4
47.98,8
43.98,4
41.47,6
77.94,8
53.72,6
60.71,6
52.3,4
56.09,6
25.69,8
45.3,5
58.88,6
59.43,6
57.76,5
47.29,3
28.69,6
42.88,5
57.96,2
46.72,3
60.59,8
36.03,6
64.94,1
53.9,4
49.08,5
38.58,3
38.13,4
46.65,3
46.88,6
49.9,4
48.73,8
31.88,6
62.58,5
61.6,3
52.03,4
28.98,5
64.43,3
48.26,3
53.25,3
45.32,4
49.93,11
50.28,6
48.58,8
67.82,6
59.91,6
64.55,7
58.33,3
32.88,6
57.98,6
52.67,6
51.51,5
54.46,3
69.63,5
49.92,2
48.66,6
38.6,2
39.93,5
66.74,6
40.44,6
52.86,5
39.75,8
61.33,1
57.2,2
65.91,3
40,9
49.98,4
66,3
52.84,4
59.6,5
48.82,6
41.85,6
53.52,9
47.65,6
56.01,6
46.18,1
64.8,8
69.64,8
56.23,2
34.12,4
61.8,1
31.13,4
73.18,8
55.61,6
51.84,2
59.76,4
54.84,7
36.31,6
29.94,4
49.01,4
47.93,5
54.86,4
34.3,8
53.1,4
41.62,4
67.55,9
60.29,6
60.44,3
30.15,6
48.98,7
45.56,4
46.39,7
54.84,3
45.67,7
47,5
40.99,7
50.64,5
53.24,3
61.45,9
48.35,3
33.51,4
47.64,5
31.37,5
41.53,5
56.07,6
54.43,4
65.17,4
50.66,6
56.41,7
49.76,5
44,4
55.67,2
53.45,5
48.64,6
39.16,5
43.46,6
48.79,5
51.7,5
34.76,5
41.93,6
64.32,4
45.64,6
49.3,5
41.5,4
54.82,5
48.47,4
43.07,1
64.36,6
66.9,5
60.9,6
42.6,5
60.85,5
66.57,2
53.67,6
65.02,11
43.18,4
52,3
54.1,4
47.57,6
49.57,5
44.84,7
55.73,1
37.3,5
55.44,5
47.04,4
51.36,9
70.59,2
56.02,6
46.99,7
53.64,3
39.17,4
39.19,8
52.8,7
55.62,3
43.95,3
39.31,6
42.46,5
47.59,4
40.71,5
31.62,2
31.14,9
39.21,6
50.7,7
47.91,4
54.47,4
47.52,2
65.2,7
59.48,4
62.58,5
50.47,6
53.41,3
83.42,5
58.78,3
41.65,7
53,3
56.12,0
37.54,5
46.08,7
34.55,7
46.45,4
66.17,6
44.1,2
56.24,5
53.48,5
70.32,4
46.94,6
36.98,6
49.3,3
27.04,6
45.28,6
50.03,2
68.13,2
26.78,2
58.24,5
46.98,6
34.04,9
53.49,4
44.63,2
51.27,6
62.51,4
42.25,5
39.53,6
46.59,4
27.8,6
52.12,7
49.26,7
55.56,5
40.53,4
53.96,1
44.44,7
61.23,3
32.67,3
36.99,3
49.41,4
57.89,6
50.86,5
57.64,8
51.43,5
37.73,3
58.56,3
45.26,4
37.1,6
44.41,3
50.62,7
55.14,1
39.01,5
52.11,7
64.48,5
48.69,6
57.18,5
59.04,6
48.86,7
59.12,7
45.86,7
60.78,0
56.91,5
34.95,0
47.84,4
48.14,2
44.89,1
65.76,9
41.39,8
66.81,5
58.92,3
46.72,7
44.12,2
53.59,2
60.9,5
38.06,7
64.21,7
56.61,8
48.03,5
48.63,4
46.73,5
51.97,5
60.65,5
54.41,6
65.88,5
38.04,4
26.27,4
60.05,6
50.65,4
50.07,4
44.68,1
69.88,7
48.53,6
61.06,8
54.4,4
65.32,3
48.91,2
47.33,3
49.7,3
35.97,7
55.46,5
49.48,4
45.89,8
45.69,3
70.45,6
58.45,6
65.42,6
38.21,5
42.86,4
44.62,2
58.27,6
34.84,8
56.96,7
58.07,11
51.52,8
36.76,7
51.86,4
57.16,4
48.67,3
59,4
54.36,2
41.52,4
46.37,5
51.91,6
65.6,6
61.92,4
40.24,5
65.11,5
26.3,7
41.87,6
51.6,6
43.69,4
63.9,7
72.04,3
50.67,4
57.78,1
69.93,3
56.26,6
44.91,7
52.01,7
41.83,5
49.27,5
40.09,5
75.09,5
44.64,4
41.63,6
54.41,5
27.46,5
52.21,5
74.91,4
25.48,5
52.75,4
45.21,7
49.97,6
55.33,5
30.34,6
53.01,4
58.27,6
41.23,6
46.1,4
60.1,5
51.02,7
52.59,4
43.26,2
50.62,8
46.51,8
49.64,5
50.67,4
65.59,9
45.58,7
55.72,5
44.47,4
55.88,5
47.4,6
64.15,8
61.37,1
35.09,4
47.59,5
53.96,4
63.61,5
45.05,4
43.89,5
57.82,7
50.96,3
42.94,5
67.08,1
49.88,6
37.35,5
53.29,6
37.04,5
50.28,4
50.96,6
46.38,6
34.79,4
38.92,7
46.54,4
62.24,10
50.96,1
53.23,6
53.89,2
74.41,5
50.85,5
62.67,1
36.33,8
50.48,8
43.32,4
50.78,2
49.62,4
52.6,4
45.29,9
64.98,3
41.82,4
55.3,4
52.57,7
51.53,2
46.71,4
52.3,3
43.69,6
29.7,6
53.59,5
48.51,8
29.01,3
56.14,9
56.83,5
59.93,7
52.72,4
59.63,3
32.63,4
26.62,5
66.95,5
35.24,2
66.96,4
54.87,6
70.04,1
45.11,6
44.77,2
75.68,7
53.45,5
55.01,6
34.24,4
52.42,5
37,5
49.14,6
49.35,6
32.54,8
52.15,4
47.49,5
54.5,5
31.58,6
59.91,7
34.02,6
57.14,2
38.27,8
33.56,7
57.74,4
51.29,5
51.87,4
41.31,5
16.39,8
56.55,5
41,6
31.72,2
63.75,4
67.15,7
33.66,8
40.32,6
52.41,3
56.56,4
50.32,5
50.72,5
25.17,6
45.32,6
45.15,7
38.63,4
63.43,4
32.45,6
34.68,7
49.89,2
66.63,9
34.11,5
56.86,4
46.14,5
69.49,1
67.46,4
37.83,7
52.81,5
35.42,3
48.84,4
58.43,2
37.76,5
29.88,4
49.48,2
36.84,5
53.5,5
48.95,2
51.91,6
72.14,6
51.91,6
32.58,6
52.68,3
58.94,5
63.95,3
36.88,5
57.25,3
44.51,6
58.4,7
38.4,4
44.95,5
47.87,4
35.83,6
24.58,4
48.71,5
56.67,3
48.72,6
47.6,1
55.05,6
62.81,6
50.86,4
51.63,4
27.83,5
50.4,7
53.69,5
48.17,4
38.25,6
54.66,3
42.41,7
52.04,1
67.41,4
50.71,7
48.45,6
58.03,4
64.12,4
41.6,7
42.32,6
69.72,4
60.39,7
57.86,6
58.88,6
54.94,7
48.64,4
69.66,4
55.4,9
42.27,4
58.67,1
58.64,1
49.85,8
37.14,2
33.95,5
40.72,6
56.34,6
72.41,7
48.52,7
68.6,4
61.86,7
52.59,5
50.94,6
58.56,7
62.48,7
27.48,5
37.26,1
70.3,3
42.54,5
54.23,5
52.43,11
54.87,4
33.42,4
67.51,7
52.69,1
55.16,7
52.11,4
54.27,6
56.07,5
46.64,5
39.64,4
43.58,7
54.64,5
39.87,4
52.7,7
45.53,4
50.34,6
53.39,4
44.5,8
62.6,6
53.76,4
54.1,7
56.2,6
49.33,7
72.9,7
45.83,2
57.25,0
66.67,5
34.86,3
51.34,6
49.93,5
49.43,7
49.56,4
64.63,8
68.18,5
56.45,6
35.82,5
51.35,6
48.34,5
45.94,6
42.37,5
60.81,6
36.82,5
47.77,6
59.02,3
60.99,4
63.68,4
40.54,5
47.81,6
49.72,4
58.11,7
60.73,5
47.39,7
63.15,0
71.55,4
55.78,7
44.77,3
36.18,5
55.18,5
67.74,1
59.16,8
55.51,8
40.01,1
49.71,6
56.49,4
55.05,7
57.91,7
50.49,3
56.18,6
51.35,2
48.29,5
30.16,5
57.01,7
42.9,6
64.85,6
61.21,7
31.6,5
43.61,3
35.6,1
55.47,9
37.15,7
48.09,5
49.65,11
31.25,4
54,6
47.68,4
48.19,6
37.64,7
63.66,1
34.94,5
34.41,4
47.46,2
60.78,6
55.58,4
44.49,4
36.07,5
49.26,7
64.9,6
53.25,3
54.25,7
48.47,3
50.56,5
45.67,7
59.67,3
47.77,5
51.2,9
52.57,5
56.52,7
63.71,6
63.72,8
65.08,3
48.42,5
41.08,2
46.2,5
47.74,7
50.78,5
62.3,5
38.42,2
51.55,6
41.31,6
57.2,5
51.97,7
34.74,4
62.81,4
55.97,4
54.99,6
58.13,4
66.86,6
45.03,11
53.54,7
23.2,8
64.13,6
53.11,3
62.58,8
57.68,2
29.13,5
58.83,5
44.83,7
40.46,7
58.92,4
56.04,6
41.14,6
48.35,7
56.17,1
47.57,5
44.22,5
52.85,4
41.15,7
47.82,4
66.89,3
43.25,7
74.47,5
47.43,2
49.34,3
56.37,3
50.64,4
60.36,5
45.74,5
60.32,5
59.08,5
40.87,5
63.55,1
54.65,4
53.47,4
41.7,5
55.76,7
53.33,5
49.58,4
40.9,5
54.32,5
52.11,11
54.34,3
41.75,5
49.19,5
46.8,6
30.97,8
42.42,4
30.31,6
32.95,10
58.13,6
64.32,3
39.93,4
40.63,3
48.81,6
40.34,2
54.29,9
47.92,7
55.11,6
58.93,6
34.04,6
50.3,8
51.38,4
42.02,1
39.33,6
49.76,7
46.96,1
58.61,5
32.53,4
38.94,8
46.81,9
50.56,5
37.57,6
49.86,5
53.57,4
35.15,5
36.91,6
60.04,5
41.25,3
49.53,7
44.54,7
53.61,3
62.81,7
49.22,8
52.34,7
55.11,3
50.03,9
54.39,3
47.56,5
39.39,8
46.85,7
37.68,7
50.56,5
179.22,95
192.34,69
140.25,92
184.28,70
200.58,50
197.99,95
199.81,32
168.45,70
197.87,74
172.08,87
164.31,45
162.56,56
165.2,74
211.36,5
157.51,59
208.47,26
180.95,85
167.83,70
144.23,49
163.82,79
186.28,4
182.21,72
149.08,78
171.83,50
212.8,51
185.3,49
170.11,49
175.82,80
234.52,88
164.03,86
200.77,79
168.47,56
184.79,89
158.61,71
192.11,68
176.49,82
190.97,76
175.93,53
157.99,44
197.56,57
140.32,56
162.56,23
181.12,58
197.26,76
156.85,58
164.13,99
187.37,86
174.32,28
145.21,96
178.05,29
183.7,74
121.07,57
171.16,51
148,66
162.93,75
163.17,91
184.96,65
178.28,71
190.13,52
167.55,70
176.01,70
157.02,21
173.72,84
224.47,52
219.46,75
156.79,46
193.01,43
191.2,70
183.98,61
181.04,58
192.37,99
185.03,41
202.94,80
178.47,99
213.93,47
188.36,63
164.08,71
173.91,75
175.29,34
208.65,45
212.49,25
183.78,56
162.3,74
164.83,53
172.53,76
179.26,79
187.12,99
191.47,93
202.02,38
188.06,75
201.54,90
165.23,57
183.92,29
166.22,77
167.75,41
219.54,39
209.43,64
145.28,91
185.5,67
168.77,55
174.41,36
169.45,67
159.2,46
184.76,56
228.21,61
151.81,67
158.47,100
186.03,65
169.85,99
154.52,51
198.3,99
149.71,78
182.53,99
204.62,38
224.94,27
177.2,87
182.4,83
189.88,97
214.17,73
159.8,58
150.8,8
149.55,7
154.72,19
188.1,15
151.59,4
209.27,11
184.26,7
184.77,15
168.27,14
178.52,17
190.16,12
176.3,18
195.01,10
176.1,5
186.4,19
158.63,13
190.1,6
198.1,3
165.93,1
162.35,13
203.98,11
177.21,16
192.25,12
164.47,7
210.88,12
171.76,12
180.06,8
166.36,1
203.85,12
200.37,1
149.51,10
180.26,15
203.91,12
203.13,11
139.35,6
158.88,20
194.37,15
170.38,16
179.61,15
221.45,3
181.05,4
179.97,0
192.78,7
174.71,9
168.64,5
156.17,17
186.51,15
173.21,14
166.02,12
159.14,8
207.13,13
183.67,14
171.29,14
200.64,10
179.25,12
177.43,10
180.8,9
166.45,17
156.41,10
172.5,5
158.02,8
179.76,8
163.26,13
177.75,12
184.44,5
187.98,15
146.8,18
196.9,1
171.24,1
220.23,2
200.41,7
207.52,10
183.1,14
175.04,10
173.26,19
159.7,11
175.37,18
198.44,3
168.76,5
165.87,3
145.73,9
179.68,0
184.94,11
227.52,7
149.36,9
182.32,15
200.6,18
183.21,13
195.43,9
185.17,4
179.33,5
196.17,12
183.14,9
156.71,17
174.79,10
174.48,4
220.39,7
189.07,4
152.64,16
185.33,8
176.88,7
171.65,15
166.33,8
163.94,0
192.77,14
206.13,9
173.2,16
171.41,12
202.04,7
168.84,7
178.48,7
188.51,13
187.13,19
192.89,15
163.5,9
174.78,14
182.67,9
193.88,9
147.55,12
182.63,12
169.78,15
225.68,2
206.08,15
154.75,13
165.07,8
197.07,14
183.97,11
165.07,4
213.82,7
155.84,13
188.57,9
199.02,9
189.61,16
178.34,9
187.46,7
193.3,7
169.02,4
165.71,6
169.48,1
174.91,12
171.99,13
179.52,8
172.02,14
161.32,9
164.26,11
206.47,21
158.71,9
207.08,4
177.63,7
193.4,12
190.06,19
171.15,5
198.13,16
160.23,4
167.46,14
195.66,4
175.16,13
194.29,10
188.86,6
182.61,10
180.45,4
191.98,10
184.19,14
211.8,9
199.29,21
201.79,1
187.37,14
215.94,8
182.43,9
210.69,2
212.54,13
205.43,7
185.52,16
188.19,3
179.74,11
217.21,8
170.23,13
180.18,11
191.03,1
199.33,9
206.15,14
170.85,16
137.67,4
197.27,14
148.83,1
181.67,8
166.1,18
185.73,3
184.66,8
175.8,7
189.2,4
205.78,9
156.87,16
185.54,8
186.14,11
183.3,16
190.39,13
166.15,11
162.71,10
189.62,8
212.42,7
186.3,9
152.55,17
174.29,10
146.35,16
134.81,20
191.22,8
187.7,17
219.29,17
206.59,10
218.79,8
171.7,14
168.33,10
160.71,11
217.76,4
140.49,7
170.73,11
196.13,17
170.58,22
160.52,19
181.77,18
195.7,12
159.86,9
162.96,22
177.53,4
179.4,2
156.38,6
196.12,8
204.96,7
184.1,19
186.88,9
193.86,6
171.51,8
169.25,9
155.86,6
176.54,3
168.36,13
149.91,5
189.38,6
194.15,12
186.47,10
185.5,13
186.69,15
179.23,6
158.05,8
189.13,6
181.82,6
150.31,14
177.95,8
160.49,6
184.62,6
197.02,8
184.32,11
195.47,14
191.27,8
208.19,17
178.37,6
169.24,4
166.62,14
189.78,17
145.39,15
164.47,10
163.39,6
159.11,15
169.56,17
188.25,18
184.12,7
199.37,7
175.81,8
175.06,9
190.85,9
188.89,1
192.77,14
179.24,7
170.86,7
171.29,19
168.9,5
161.76,5
169.54,12
173.72,10
180.98,8
181.89,17
172.85,13
244.79,9
176.79,8
148.44,7
216.66,9
161.14,10
183.38,3
175.29,11
167.02,10
234.09,7
168.98,14
242.37,15
160.78,11
190.56,11
195.33,14
196.23,4
209.76,15
172.78,5
201.99,15
162.56,13
191.81,7
170.72,1
189.45,21
189.77,16
201.69,14
191.59,12
154.93,14
149.19,16
165.07,12
156.57,7
162.34,9
177.82,12
205.07,15
155.83,10
181.53,13
195.87,3
170.3,6
167.89,15
187.17,7
153.81,18
164.53,7
174.81,13
152.1,10
157.26,18
203.03,10
172.78,8
164.95,11
182.99,5
170.9,0
150.57,15
187.45,4
135.98,14
187.55,5
241.71,22
168.04,12
156.01,14
189.75,9
178.42,3
211.26,6
171.7,12
145.07,6
194.55,6
157.26,10
153.34,9
193.78,6
200.72,20
193.21,14
176.23,16
172.11,12
193.31,8
174.3,12
164.4,10
162.68,5
173.55,3
172.15,8
202.84,17
197.95,10
167.21,5
136.52,13
199.92,0
152.09,24
170.87,15
137.16,16
164.38,8
212.41,12
163.36,15
158.31,4
162.26,14
211.99,6
160.26,20
228.96,13
182.69,11
162.8,11
193.58,16
161.26,10
201.12,19
181.35,13
168.64,9
175.58,9
160.2,9
192.22,6
197.6,10
189.82,7
205.8,13
193.33,12
132.03,15
190.33,14
173.9,11
179.11,6
209.64,7
161.9,15
166.62,9
161.64,10
162.9,10
178.88,10
171.97,12
179.56,17
188.59,16
151.09,13
194.87,8
200.21,5
196.39,6
193.05,11
183.61,6
166.8,8
190.45,14
184.29,7
197.44,15
170.72,7
168.56,5
168.22,9
165.22,16
143.37,10
224.24,16
173.49,8
190.04,16
178.39,11
194.68,2
170.72,1
181.64,17
207.34,9
189.85,9
142.83,5
168.14,1
161.94,9
151.65,1
177.29,10
173.02,3
182.6,10
208.78,11
160.5,14
170.45,1
164.37,7
180.1,14
192.31,12
167.88,6
231.57,13
189.68,10
192.61,10
218.21,11
168.88,14
150,8
178.17,10
190.84,1
211.34,15
161.98,9
208.42,7
185.7,17
165.15,9
166.68,14
213.12,3
217.91,3
159.47,22
176.44,5
173.35,6
194.1,4
176.01,16
193.08,9
180.84,21
191.52,9
141.96,15
154.33,3
185.15,10
185.38,7
208.96,18
176.97,4
162.58,1
184.14,9
154.74,1
180.91,11
184.74,1
186.24,4
181.3,11
180.36,13
163.72,6
177.04,6
154.59,19
196.37,17
219.84,15
189.97,3
168.09,5
190.94,20
192.12,16
218.67,1
188.26,14
200.32,9
188.22,12
207.01,18
173.38,11
161.51,5
169.75,5
169.66,11
150.46,14
176.96,23
200.62,8
197.08,14
196.95,11
116.58,4
174.58,5
187.16,11
184.46,4
170.72,15
168.24,10
187.67,17
218.58,9
155.02,9
153.84,9
180.65,16
168.76,7
153.5,1
159.53,15
207.44,13
229.3,15
180.6,13
165.09,4
205.4,11
171.19,10
188.24,3
189.25,7
160.94,13
185.58,3
171.79,6
179.7,9
193.68,8
195.95,4
169.72,6
207.05,13
205.62,11
166.64,11
168.34,9
185.5,13
191.31,7
140.59,3
188.61,9
167.46,11
186.26,4
188.34,18
157.73,12
175.69,16
134.54,10
190.28,10
168.01,3
188.49,11
164.43,12
186.42,14
201.97,17
201.38,1
196.34,9
171.64,16
183.96,6
192.31,8
180.63,12
194.13,11
175.76,5
163.89,8
164.29,12
170.9,15
166.87,15
164.77,6
184.45,12
191.82,7
183.61,14
171.42,4
186.55,8
200.37,6
166.72,9
192.38,10
151.88,4
196.56,1
172.43,11
169.64,9
177.33,1
156.76,15
165.76,5
176.43,11
159.11,16
186.67,15
169.32,10
177.78,11
180.73,1
202.18,1
159.31,10
166.8,10
177.09,7
170.6,3
190.14,13
201.05,9
174.91,14
168.01,15
152.99,6
145.17,15
174.44,9
181.52,14
185.27,9
176.37,11
159.92,15
150.21,1
152.6,15
197.71,9
174.78,4
156.2,4
174.5,6
210.4,10
200.05,9
164.96,5
176.5,11
192.86,21
188.22,8
178.57,17
203.38,8
192.32,14
176.15,9
156.61,20
176.51,14
190.66,7
154.62,5
162.97,15
207.96,7
176.65,11
164.56,0
203.41,7
182.19,15
201.68,16
135.38,8
153.45,1
182.71,11
177.44,4
208.52,5
175.58,11
161.6,6
168.09,12
168.77,10
158.86,14
182.16,6
199.42,8
172.99,10
182.44,10
166.96,8
153.58,12
185.68,18
214.8,20
185.39,20
169.35,19
181.75,10
159.89,17
196.52,12
169.65,14
192.21,8
180.29,20
222.08,11
165.1,13
212.75,9
170.64,13
196.2,14
189.99,12
208.96,10
219.39,1
188.25,10
187.13,12
187.28,8
192.74,13
211.2,8
189.88,9
165.58,6
191.88,7
194.22,12
167.22,2
185.37,14
203.8,22
167.05,10
177.48,19
170.22,16
209.76,18
160.04,10
176.17,5
170.91,12
176.14,5
168.03,9
