Distance_Feature,Speeding_Feature,category
71.24,28,C
52.53,25,C
64.54,27,C
55.69,22,C
54.58,25,C
41.91,10,A
58.64,20,C
52.02,8,A
31.25,34,C
44.31,19,C
49.35,40,C
58.07,45,C
44.22,22,C
55.73,19,C
46.63,43,C
52.97,32,C
46.25,35,C
51.55,27,C
57.05,26,C
58.45,30,C
43.42,23,C
55.68,37,C
55.15,18,A
43.84,22,C
59.26,32,C
37.14,41,C
64.3,29,C
45.75,16,A
45.97,23,C
56.04,39,C
33.64,45,C
41.67,33,C
50.68,39,C
54.22,35,C
56.2,29,C
46.16,41,C
50.22,24,C
49.66,33,C
38.61,37,C
55.28,36,C
57.87,41,C
61.69,12,A
37.41,21,C
53.83,32,C
62.98,22,C
46.97,13,A
58.03,24,C
59.87,36,C
81.34,31,C
48.56,26,C
17.66,23,C
46.01,21,C
45.34,26,C
39.64,31,C
51.22,36,C
36.21,31,C
47.32,55,C
54.87,27,C
58.97,6,A
57.3,42,C
59.94,32,C
61.72,25,C
53.19,23,C
35.13,38,C
48.47,20,C
51.17,43,C
42.14,39,C
54.31,35,C
48.93,32,C
53.51,44,C
51.72,24,C
49.86,10,A
49.2,41,C
60.2,39,C
54.06,20,C
72.91,30,C
61.92,40,C
44.2,24,C
60.75,39,C
68.36,37,C
56.39,20,C
38.19,15,A
66.19,27,C
58.2,17,A
47.55,22,C
37.62,16,A
17.81,26,C
31.25,29,C
61.0,41,C
40.98,33,C
53.69,24,C
51.46,9,A
64.57,29,C
53.79,23,C
64.28,34,C
38.41,24,C
58.89,42,C
44.17,33,C
50.41,43,C
63.63,28,C
45.78,24,C
55.61,20,C
67.23,5,A
49.69,38,C
54.6,30,C
40.94,59,C
43.84,36,C
56.36,19,C
69.53,23,C
51.48,19,C
52.93,41,C
55.52,8,A
52.14,23,C
62.86,21,C
37.53,33,C
63.47,25,C
62.11,33,C
43.52,25,C
47.97,27,C
42.27,37,C
56.05,30,C
62.08,37,C
35.25,53,C
39.81,25,C
60.27,33,C
53.41,22,C
56.28,27,C
53.31,25,C
55.24,30,C
44.97,29,C
40.3,43,C
47.18,42,C
46.4,34,C
35.11,15,A
54.33,38,C
54.59,64,C
61.67,50,C
52.39,19,C
52.37,6,A
40.84,25,C
27.42,27,C
44.79,31,C
59.84,37,C
36.0,45,C
47.64,10,A
51.85,37,C
59.73,15,A
42.96,37,C
51.84,27,C
59.62,23,C
58.82,30,C
50.93,30,C
41.35,23,C
24.58,45,C
57.74,22,C
38.14,33,C
51.82,20,C
41.37,17,A
55.01,24,C
64.56,53,C
46.09,35,C
57.81,20,C
46.31,23,C
66.62,37,C
42.89,17,A
40.82,23,C
50.55,41,C
40.43,40,C
53.36,25,C
44.83,27,C
35.87,35,C
46.95,23,C
47.75,20,C
57.12,26,C
38.03,43,C
54.31,45,C
50.29,39,C
33.6,24,C
45.13,44,C
31.68,31,C
72.36,4,A
48.43,55,C
44.48,36,C
56.54,20,C
54.11,50,C
49.51,29,C
50.66,36,C
61.82,23,C
50.45,15,A
67.7,43,C
41.61,12,A
39.63,31,C
36.08,31,C
45.18,27,C
49.33,28,C
48.66,45,C
53.81,25,C
35.57,44,C
48.83,39,C
69.14,40,C
60.75,59,C
52.01,39,C
47.88,45,C
40.3,30,C
48.52,30,C
55.06,37,C
48.45,28,C
58.65,40,C
69.29,21,C
51.7,21,C
69.95,18,A
53.04,37,C
47.97,27,C
64.01,26,C
61.76,23,C
49.98,28,C
81.96,27,C
56.56,25,C
51.69,30,C
54.83,40,C
54.97,39,C
44.07,27,C
45.95,40,C
42.24,22,C
43.52,49,C
51.33,31,C
56.68,55,C
51.06,24,C
41.95,28,C
53.56,27,C
47.86,45,C
43.74,34,C
41.22,39,C
45.82,42,C
44.74,25,C
53.88,30,C
44.4,29,C
59.01,35,C
53.27,19,C
45.62,25,C
53.16,53,C
50.91,51,C
33.53,42,C
46.92,33,C
59.24,35,C
48.37,32,C
50.26,21,C
38.14,30,C
63.42,26,C
57.46,14,A
63.79,33,C
58.13,30,C
56.35,41,C
52.95,3,A
55.65,27,C
29.44,34,C
49.58,39,C
31.3,33,C
43.48,29,C
48.94,34,C
43.93,32,C
53.83,36,C
53.69,21,C
60.33,8,A
40.97,42,C
49.29,21,C
56.06,34,C
66.16,32,C
32.61,23,C
37.37,25,C
46.04,38,C
57.17,33,C
41.06,31,C
47.21,36,C
55.74,44,C
56.34,25,C
61.53,11,A
61.4,38,C
59.03,29,C
26.76,22,C
48.24,34,C
50.84,33,C
64.25,28,C
23.06,15,A
47.25,23,C
59.19,33,C
32.71,17,A
48.87,25,C
58.68,24,C
51.16,25,C
49.48,34,C
16.05,36,C
53.49,51,C
57.19,19,C
49.38,37,C
38.82,16,A
49.88,37,C
48.81,30,C
58.86,42,C
45.22,39,C
49.25,25,C
71.53,49,C
49.41,38,C
63.19,21,C
48.68,22,C
50.11,34,C
43.56,24,C
49.36,23,C
23.03,21,C
36.14,30,C
37.48,26,C
46.35,35,C
41.54,27,C
66.05,36,C
47.09,27,C
33.84,35,C
41.45,37,C
56.09,9,A
54.66,34,C
53.23,47,C
53.51,33,C
48.56,37,C
35.91,30,C
58.04,28,C
37.16,19,C
42.45,16,A
62.65,41,C
51.42,35,C
46.31,22,C
51.36,33,C
63.62,41,C
56.54,39,C
48.58,36,C
30.37,37,C
51.75,37,C
61.68,24,C
56.54,33,C
41.22,13,A
46.08,35,C
53.21,39,C
57.95,21,C
53.4,45,C
50.32,40,C
62.06,37,C
32.9,36,C
43.48,15,A
47.76,25,C
41.61,4,A
28.72,37,C
53.37,40,C
37.81,34,C
48.7,46,C
53.23,40,C
43.47,33,C
64.55,30,C
59.34,38,C
29.92,49,C
45.67,39,C
44.99,36,C
51.07,13,A
57.87,38,C
57.9,34,C
45.41,32,C
66.97,33,C
49.37,40,C
49.54,21,C
51.73,61,C
29.68,30,C
66.12,38,C
52.68,30,C
50.32,46,C
63.2,40,C
45.12,25,C
38.69,22,C
50.77,32,C
48.0,23,C
55.36,47,C
53.11,48,C
38.51,28,C
38.96,21,C
27.4,30,C
34.95,35,C
68.86,31,C
60.4,28,C
37.33,38,C
59.63,24,C
33.92,43,C
43.98,6,A
53.74,31,C
45.51,33,C
55.09,19,C
68.87,18,A
58.44,19,C
43.75,19,C
47.07,33,C
47.89,28,C
53.3,41,C
57.02,37,C
43.44,31,C
38.49,21,C
61.08,24,C
62.52,41,C
60.04,34,C
53.63,20,C
44.96,46,C
43.37,50,C
31.88,30,C
41.01,37,C
53.72,13,A
48.05,18,A
63.38,41,C
55.92,22,C
51.54,22,C
39.27,34,C
59.22,14,A
57.77,14,A
60.84,9,A
63.59,21,C
53.12,30,C
58.89,9,A
61.69,36,C
49.56,24,C
45.44,29,C
50.28,21,C
47.42,35,C
45.8,28,C
38.07,23,C
44.13,24,C
51.91,59,C
51.7,36,C
39.66,19,C
49.73,26,C
52.86,24,C
55.81,29,C
42.86,24,C
52.31,25,C
62.35,28,C
32.9,16,A
48.51,23,C
45.33,12,A
49.09,12,A
37.89,14,A
67.15,17,A
48.01,32,C
45.44,28,C
52.54,22,C
59.23,40,C
31.85,37,C
49.4,54,C
51.11,25,C
64.34,47,C
58.32,42,C
46.99,13,A
65.75,34,C
62.34,12,A
51.33,38,C
50.0,27,C
63.06,27,C
64.66,24,C
54.99,36,C
40.95,35,C
52.29,40,C
40.47,30,C
59.56,42,C
58.0,46,C
55.12,34,C
59.21,26,C
65.54,39,C
55.64,24,C
62.4,40,C
51.01,22,C
48.83,24,C
57.58,35,C
47.21,34,C
49.26,26,C
59.51,30,C
46.12,33,C
51.7,37,C
85.36,17,A
40.04,35,C
34.77,5,A
45.1,4,A
56.0,8,A
38.14,5,A
53.39,5,A
50.55,7,A
48.8,6,A
55.99,3,A
48.37,4,A
55.19,6,A
51.51,5,A
43.29,9,A
44.96,7,A
43.45,5,A
48.92,8,A
52.9,6,A
50.99,5,A
45.08,5,A
53.36,2,A
53.27,4,A
51.93,6,A
64.96,6,A
49.22,5,A
59.82,7,A
45.24,4,A
60.4,7,A
35.14,5,A
43.86,6,A
57.49,6,A
47.98,7,A
48.33,7,A
52.42,3,A
40.59,6,A
42.54,3,A
39.43,6,A
67.04,4,A
32.58,5,A
41.75,9,A
55.95,4,A
49.61,4,A
43.04,8,A
33.5,5,A
47.25,6,A
47.47,7,A
29.47,8,A
52.55,2,A
52.6,3,A
58.98,6,A
44.94,4,A
59.72,7,A
57.38,5,A
46.76,6,A
35.58,5,A
42.55,10,A
46.44,5,A
29.66,1,A
30.77,8,A
65.73,8,A
73.5,6,A
41.94,3,A
38.2,6,A
49.47,4,A
42.9,6,A
44.02,4,A
74.03,6,A
41.73,7,A
63.6,4,A
59.71,4,A
51.75,4,A
49.68,5,A
43.6,1,A
60.76,6,A
44.84,2,A
53.99,4,A
46.74,4,A
48.99,7,A
56.28,4,A
49.19,3,A
51.3,5,A
62.3,6,A
64.5,5,A
43.31,3,A
50.87,4,A
33.18,1,A
60.07,2,A
47.48,2,A
38.98,5,A
61.65,4,A
60.52,9,A
50.87,4,A
40.61,4,A
61.48,3,A
50.18,6,A
50.89,10,A
51.97,4,A
52.07,5,A
31.06,3,A
52.44,6,A
35.84,9,A
52.66,7,A
50.39,4,A
54.05,1,A
25.78,3,A
51.53,8,A
36.51,7,A
48.2,6,A
47.23,5,A
60.59,6,A
59.46,8,A
54.7,4,A
45.16,4,A
44.92,3,A
53.44,5,A
32.54,9,A
44.51,5,A
62.26,6,A
39.05,3,A
37.68,4,A
42.33,10,A
66.06,4,A
32.94,7,A
39.67,4,A
63.08,9,A
73.78,4,A
45.24,5,A
59.71,9,A
39.79,6,A
35.93,6,A
49.1,5,A
50.22,8,A
68.63,8,A
62.03,6,A
55.64,7,A
55.4,8,A
52.28,8,A
39.84,1,A
35.52,5,A
48.79,3,A
70.7,2,A
61.92,4,A
59.86,4,A
68.37,5,A
47.65,4,A
46.7,0,A
31.24,1,A
49.47,10,A
50.58,8,A
38.61,6,A
42.83,6,A
59.72,7,A
50.21,2,A
38.04,7,A
66.87,6,A
31.07,3,A
57.66,6,A
50.89,5,A
35.99,5,A
62.2,4,A
56.52,2,A
63.05,1,A
46.99,3,A
30.45,2,A
58.23,6,A
37.05,5,A
31.14,4,A
28.91,4,A
58.82,4,A
34.34,3,A
32.49,3,A
57.76,3,A
73.89,4,A
38.4,8,A
44.13,5,A
42.26,6,A
45.89,7,A
62.56,8,A
53.54,6,A
55.4,4,A
48.81,3,A
51.01,7,A
36.88,7,A
56.42,6,A
39.94,4,A
38.7,8,A
47.39,6,A
64.67,3,A
67.47,5,A
49.39,6,A
43.1,6,A
34.03,5,A
32.72,0,A
60.65,5,A
57.26,6,A
55.1,4,A
61.06,4,A
38.91,4,A
51.35,3,A
56.87,6,A
50.2,5,A
55.34,6,A
47.95,3,A
47.47,6,A
35.44,6,A
31.45,8,A
28.16,3,A
68.57,6,A
41.5,5,A
53.75,8,A
37.47,5,A
55.63,4,A
50.45,7,A
51.61,3,A
38.08,7,A
37.26,5,A
33.01,4,A
45.87,6,A
45.45,4,A
53.15,8,A
54.58,5,A
53.08,2,A
43.09,4,A
34.46,4,A
52.19,4,A
55.54,5,A
51.45,5,A
62.7,1,A
50.18,8,A
53.44,6,A
53.42,4,A
54.52,4,A
50.89,6,A
64.49,9,A
51.92,8,A
57.49,6,A
42.97,1,A
43.27,4,A
44.69,6,A
54.16,3,A
50.07,4,A
48.42,5,A
42.59,6,A
50.69,4,A
62.86,3,A
51.78,2,A
47.89,3,A
38.05,1,A
54.09,4,A
38.88,4,A
58.0,5,A
42.04,5,A
35.44,2,A
43.73,8,A
65.7,5,A
43.3,5,A
54.89,3,A
54.69,6,A
46.22,6,A
47.7,5,A
39.19,8,A
57.11,3,A
47.65,7,A
38.13,2,A
33.77,4,A
54.62,6,A
51.86,4,A
56.75,6,A
50.98,4,A
46.99,6,A
52.3,4,A
47.64,5,A
28.82,9,A
53.48,2,A
45.16,6,A
56.73,4,A
71.55,4,A
32.1,2,A
41.81,3,A
52.98,3,A
43.82,3,A
40.81,3,A
46.33,8,A
37.48,6,A
42.87,4,A
54.26,5,A
46.69,6,A
48.46,6,A
56.82,8,A
48.73,4,A
38.76,4,A
38.23,2,A
54.06,6,A
42.25,9,A
35.22,3,A
43.64,5,A
45.7,5,A
45.41,6,A
70.97,4,A
36.19,4,A
56.54,3,A
44.52,1,A
42.87,6,A
33.86,5,A
65.17,10,A
42.75,4,A
42.59,6,A
45.15,3,A
49.7,3,A
55.39,2,A
32.12,6,A
60.07,6,A
62.34,3,A
75.84,3,A
49.46,8,A
58.15,7,A
49.1,9,A
45.97,4,A
37.1,6,A
55.74,6,A
42.81,6,A
53.28,5,A
43.15,3,A
54.53,4,A
69.29,4,A
42.99,4,A
66.21,4,A
50.94,5,A
53.75,6,A
45.17,5,A
44.64,7,A
39.62,7,A
54.55,7,A
53.05,4,A
54.35,1,A
48.64,6,A
49.34,5,A
46.83,2,A
31.81,4,A
34.46,3,A
27.3,5,A
53.95,3,A
46.57,6,A
33.36,6,A
36.42,7,A
65.73,5,A
49.9,5,A
56.31,3,A
33.04,3,A
48.62,10,A
47.42,5,A
68.57,4,A
45.07,4,A
56.07,7,A
47.01,6,A
51.53,6,A
51.81,7,A
66.83,6,A
50.79,4,A
46.33,2,A
30.52,11,A
41.67,1,A
53.38,7,A
60.45,6,A
41.56,3,A
28.94,4,A
43.5,8,A
56.31,6,A
67.77,4,A
41.93,2,A
71.73,5,A
57.04,0,A
38.44,7,A
55.64,5,A
57.39,2,A
60.07,3,A
46.69,2,A
46.59,3,A
55.64,3,A
46.09,4,A
46.25,2,A
61.75,8,A
66.17,4,A
58.07,6,A
56.07,4,A
49.81,6,A
49.75,5,A
35.17,9,A
55.71,5,A
49.71,4,A
48.97,3,A
61.79,5,A
42.77,7,A
47.63,8,A
67.19,4,A
52.03,3,A
55.64,5,A
44.09,5,A
49.52,7,A
49.78,4,A
39.56,5,A
50.54,8,A
39.46,9,A
41.69,5,A
48.03,8,A
37.91,5,A
40.81,4,A
58.1,2,A
49.63,5,A
59.36,7,A
37.14,6,A
49.41,6,A
57.34,2,A
46.58,7,A
42.21,6,A
41.14,2,A
37.63,3,A
60.88,5,A
64.56,3,A
58.97,6,A
51.2,6,A
52.84,3,A
22.36,5,A
60.75,2,A
60.38,4,A
64.18,1,A
71.11,6,A
31.35,3,A
52.38,4,A
54.01,4,A
51.31,5,A
65.89,3,A
51.92,7,A
57.51,5,A
48.94,3,A
34.86,6,A
42.96,3,A
38.96,4,A
41.74,8,A
66.37,5,A
31.92,4,A
52.07,6,A
55.77,5,A
59.03,4,A
49.53,7,A
56.58,7,A
33.62,7,A
70.55,6,A
63.68,2,A
61.78,9,A
39.21,8,A
37.13,5,A
57.08,6,A
24.9,8,A
55.34,5,A
43.47,7,A
73.8,6,A
58.36,10,A
52.88,4,A
44.65,6,A
46.85,5,A
55.2,7,A
58.28,0,A
67.36,6,A
50.38,5,A
56.21,1,A
47.79,6,A
63.18,5,A
57.18,5,A
58.44,6,A
60.4,6,A
43.94,4,A
53.34,3,A
42.96,3,A
46.07,3,A
52.09,9,A
57.35,5,A
72.05,7,A
55.19,4,A
33.32,4,A
51.53,4,A
52.11,5,A
46.24,7,A
51.59,6,A
63.62,6,A
59.02,5,A
53.71,6,A
60.37,6,A
56.0,9,A
58.05,5,A
50.86,6,A
39.44,8,A
44.61,8,A
54.2,10,A
36.76,5,A
74.83,4,A
46.57,6,A
50.74,4,A
46.85,4,A
52.01,4,A
63.96,6,A
68.24,2,A
43.22,7,A
51.73,6,A
44.04,5,A
53.66,6,A
54.99,4,A
59.09,5,A
64.15,6,A
28.36,7,A
57.13,4,A
54.29,9,A
70.87,7,A
46.55,5,A
64.77,5,A
48.84,5,A
51.37,2,A
75.54,7,A
44.68,7,A
46.59,4,A
46.66,8,A
50.36,3,A
51.39,4,A
53.95,2,A
57.78,7,A
45.77,4,A
44.64,6,A
42.6,2,A
63.59,3,A
53.75,6,A
55.88,3,A
31.35,7,A
42.2,5,A
50.1,7,A
40.18,4,A
43.8,3,A
41.84,7,A
57.03,4,A
70.83,5,A
54.96,3,A
72.8,1,A
45.58,5,A
61.79,3,A
39.81,4,A
60.9,3,A
53.76,9,A
55.85,5,A
63.36,6,A
63.15,6,A
58.98,6,A
44.21,5,A
42.09,2,A
39.78,5,A
70.77,5,A
54.82,3,A
54.07,5,A
56.74,7,A
42.78,5,A
22.27,7,A
43.07,4,A
43.5,4,A
58.48,8,A
40.4,6,A
54.84,5,A
51.83,6,A
53.08,2,A
51.08,7,A
63.84,1,A
40.95,6,A
48.07,4,A
63.67,7,A
56.59,2,A
39.37,5,A
46.7,6,A
50.53,6,A
54.02,4,A
47.21,4,A
48.05,9,A
52.01,7,A
65.61,4,A
58.38,5,A
51.45,5,A
51.74,3,A
54.57,3,A
53.41,8,A
46.4,5,A
39.22,3,A
56.13,5,A
48.63,7,A
40.75,4,A
50.55,5,A
45.64,3,A
59.35,4,A
50.47,1,A
36.82,3,A
46.86,4,A
43.53,2,A
48.16,6,A
48.21,2,A
59.44,7,A
42.9,6,A
57.77,2,A
46.41,5,A
40.59,9,A
44.24,4,A
60.7,1,A
52.5,3,A
56.38,10,A
45.2,6,A
48.46,6,A
48.5,6,A
45.83,2,A
54.89,4,A
38.09,2,A
52.25,5,A
48.21,8,A
50.43,7,A
50.07,2,A
48.47,9,A
66.46,6,A
40.46,5,A
15.52,3,A
62.54,4,A
39.57,6,A
47.88,7,A
27.5,3,A
45.97,7,A
42.01,4,A
62.54,4,A
46.36,3,A
47.58,10,A
51.68,4,A
71.04,4,A
55.43,4,A
36.37,2,A
52.4,3,A
36.89,6,A
54.39,7,A
54.56,5,A
60.76,5,A
30.32,3,A
58.49,6,A
59.55,8,A
30.84,7,A
44.06,1,A
37.52,6,A
64.31,5,A
50.05,4,A
54.52,6,A
56.53,5,A
59.16,8,A
56.49,6,A
33.68,4,A
54.42,7,A
47.62,5,A
52.44,7,A
55.47,7,A
41.38,8,A
60.32,3,A
42.71,5,A
41.83,8,A
48.98,4,A
57.87,5,A
41.84,4,A
55.12,6,A
38.5,1,A
37.73,4,A
36.91,3,A
37.5,6,A
60.28,2,A
45.51,6,A
51.59,4,A
49.46,6,A
57.05,4,A
41.16,2,A
55.64,5,A
56.91,3,A
57.02,7,A
60.17,5,A
45.68,3,A
68.44,6,A
58.77,5,A
51.97,2,A
58.28,5,A
50.39,5,A
23.9,6,A
36.91,6,A
48.86,4,A
70.21,6,A
61.06,3,A
49.54,9,A
47.36,7,A
54.75,5,A
62.01,4,A
56.41,3,A
32.09,2,A
42.75,7,A
73.66,5,A
54.27,5,A
42.71,7,A
46.62,3,A
45.74,4,A
53.28,5,A
41.83,5,A
48.76,4,A
47.89,4,A
49.28,2,A
56.76,6,A
42.92,6,A
44.74,8,A
51.19,5,A
41.78,5,A
47.95,9,A
58.91,6,A
52.6,7,A
53.59,2,A
48.09,6,A
39.06,1,A
57.59,4,A
44.44,3,A
59.68,4,A
57.78,4,A
27.86,8,A
48.62,9,A
54.09,5,A
39.3,2,A
38.32,5,A
43.68,1,A
53.08,5,A
55.26,5,A
51.24,2,A
50.03,3,A
49.38,3,A
68.26,5,A
44.97,8,A
43.36,3,A
42.0,8,A
56.86,6,A
36.67,7,A
34.28,2,A
57.2,5,A
61.23,7,A
41.21,5,A
43.36,4,A
43.16,6,A
55.7,5,A
46.44,5,A
55.43,3,A
55.96,8,A
60.51,2,A
55.29,6,A
64.11,5,A
47.18,7,A
49.05,5,A
41.91,5,A
39.94,6,A
52.03,5,A
47.6,4,A
57.05,9,A
57.45,5,A
29.65,3,A
44.09,4,A
61.38,9,A
39.04,4,A
48.86,10,A
42.99,8,A
53.51,8,A
63.68,6,A
35.51,7,A
38.84,4,A
52.64,6,A
65.57,6,A
47.85,7,A
57.64,4,A
62.54,7,A
52.2,7,A
35.54,7,A
41.49,6,A
49.31,6,A
33.9,6,A
41.13,4,A
57.57,1,A
40.22,6,A
39.79,4,A
56.45,4,A
51.2,3,A
54.34,6,A
75.52,0,A
37.02,2,A
57.63,8,A
37.91,7,A
36.49,5,A
44.97,9,A
49.35,10,A
53.0,4,A
56.63,5,A
66.45,4,A
41.42,7,A
59.14,8,A
36.8,4,A
55.03,2,A
51.24,5,A
45.52,4,A
50.75,5,A
73.97,3,A
40.05,5,A
49.55,3,A
60.58,3,A
36.12,4,A
43.7,7,A
77.82,9,A
42.41,7,A
46.46,6,A
42.52,5,A
48.96,6,A
41.59,3,A
58.07,5,A
49.89,9,A
71.42,3,A
48.29,5,A
47.24,3,A
42.0,5,A
52.11,8,A
54.97,5,A
58.11,9,A
72.99,4,A
58.53,2,A
56.08,4,A
33.77,3,A
39.31,3,A
33.46,8,A
48.75,8,A
64.69,5,A
38.47,2,A
47.13,3,A
50.73,9,A
34.4,2,A
33.48,5,A
45.9,7,A
49.23,3,A
51.51,6,A
49.18,5,A
57.78,5,A
28.74,5,A
45.15,5,A
50.93,7,A
61.99,5,A
47.9,3,A
65.76,4,A
56.57,8,A
48.53,4,A
53.39,7,A
43.86,8,A
58.52,6,A
66.75,7,A
68.18,5,A
62.89,5,A
55.64,4,A
53.12,6,A
57.4,9,A
35.52,6,A
40.0,3,A
58.5,5,A
27.59,7,A
45.9,6,A
62.47,7,A
38.7,5,A
53.45,4,A
56.48,3,A
58.94,5,A
58.46,8,A
58.46,5,A
57.82,1,A
46.11,4,A
57.25,6,A
35.04,5,A
38.49,7,A
62.91,4,A
51.77,5,A
34.74,8,A
48.67,3,A
72.61,4,A
41.2,3,A
45.08,4,A
54.41,7,A
36.24,2,A
43.29,4,A
35.7,2,A
49.07,7,A
53.42,7,A
66.52,2,A
54.8,8,A
51.22,4,A
40.14,1,A
45.01,7,A
67.27,3,A
55.42,6,A
45.0,7,A
63.99,5,A
50.13,7,A
41.71,8,A
64.48,3,A
52.58,7,A
50.79,5,A
60.41,8,A
44.97,6,A
43.83,3,A
41.84,7,A
60.82,5,A
46.26,7,A
44.7,4,A
42.04,3,A
38.93,1,A
57.13,5,A
37.52,1,A
59.66,3,A
49.6,4,A
40.66,7,A
48.05,7,A
55.67,3,A
43.35,3,A
46.51,6,A
70.91,7,A
44.03,7,A
35.2,6,A
43.3,5,A
44.78,6,A
52.82,5,A
37.21,5,A
42.7,6,A
33.32,8,A
58.67,6,A
58.13,7,A
47.11,6,A
45.39,6,A
39.61,6,A
63.94,4,A
45.15,3,A
59.59,6,A
64.19,4,A
45.63,7,A
47.64,3,A
63.75,8,A
54.16,5,A
66.42,4,A
45.96,4,A
37.21,6,A
70.05,7,A
54.32,3,A
49.09,5,A
47.47,7,A
56.14,6,A
47.57,5,A
55.15,9,A
52.99,9,A
68.57,4,A
35.46,5,A
27.32,6,A
44.74,2,A
46.55,5,A
36.59,7,A
45.58,0,A
68.64,9,A
36.22,5,A
43.94,6,A
39.21,5,A
32.36,5,A
70.25,6,A
51.06,7,A
46.92,6,A
44.49,7,A
62.01,2,A
32.33,7,A
54.26,3,A
52.53,6,A
50.69,8,A
53.79,5,A
36.19,2,A
42.01,4,A
31.12,5,A
56.16,6,A
62.38,2,A
52.32,6,A
34.81,3,A
42.03,4,A
43.61,8,A
63.2,7,A
41.61,4,A
33.45,5,A
39.06,8,A
53.51,1,A
19.62,3,A
41.26,7,A
51.31,3,A
32.51,2,A
53.18,7,A
51.24,5,A
48.97,4,A
68.7,3,A
74.14,5,A
38.76,6,A
46.39,6,A
56.55,2,A
50.93,10,A
44.51,1,A
76.31,4,A
59.02,3,A
45.85,6,A
59.98,6,A
44.15,5,A
56.09,11,A
41.52,5,A
71.33,4,A
66.13,4,A
38.77,5,A
48.5,7,A
43.65,5,A
52.81,10,A
57.35,7,A
57.27,4,A
58.51,6,A
48.44,7,A
45.99,3,A
62.48,8,A
53.07,1,A
43.96,5,A
55.07,6,A
34.54,2,A
50.82,6,A
55.45,8,A
50.43,7,A
59.81,8,A
48.09,3,A
64.81,8,A
48.74,7,A
53.44,1,A
52.31,3,A
38.29,6,A
47.79,9,A
71.67,7,A
37.41,5,A
52.13,7,A
63.03,2,A
52.1,2,A
47.39,5,A
42.57,5,A
76.89,5,A
52.59,6,A
56.08,8,A
38.66,1,A
45.23,5,A
52.85,5,A
56.87,6,A
36.66,4,A
48.88,2,A
60.99,4,A
48.69,6,A
36.84,6,A
36.08,5,A
49.37,3,A
51.82,5,A
42.53,4,A
44.13,6,A
53.27,6,A
54.33,6,A
65.01,6,A
51.46,4,A
56.07,6,A
53.48,5,A
71.54,1,A
44.69,3,A
36.53,6,A
50.75,4,A
57.83,7,A
47.41,3,A
52.98,6,A
46.99,6,A
66.27,5,A
33.42,9,A
61.98,4,A
34.11,1,A
52.42,7,A
57.05,5,A
54.73,5,A
64.47,2,A
31.38,7,A
68.87,5,A
57.61,5,A
57.65,8,A
58.08,4,A
51.31,6,A
66.32,6,A
51.75,5,A
51.75,6,A
34.26,5,A
48.79,6,A
23.46,2,A
61.32,4,A
44.18,5,A
38.98,7,A
41.52,8,A
64.71,5,A
55.04,4,A
41.94,3,A
46.88,6,A
73.97,3,A
35.55,5,A
51.54,9,A
53.32,4,A
63.86,2,A
33.69,8,A
47.34,6,A
35.38,4,A
61.31,4,A
55.71,1,A
58.87,3,A
43.3,5,A
36.19,8,A
47.62,5,A
39.87,5,A
51.76,9,A
46.82,5,A
59.73,8,A
60.88,7,A
55.99,4,A
46.93,3,A
62.48,2,A
59.47,5,A
49.09,5,A
42.49,5,A
36.63,5,A
57.03,6,A
40.71,6,A
42.1,6,A
53.8,3,A
53.5,2,A
37.27,6,A
44.17,6,A
39.32,5,A
48.39,6,A
57.14,5,A
47.26,3,A
38.03,5,A
31.36,5,A
68.26,6,A
54.23,2,A
52.52,1,A
52.19,3,A
78.26,4,A
78.56,4,A
58.48,5,A
47.36,7,A
50.25,6,A
76.26,2,A
34.12,4,A
49.99,7,A
60.89,6,A
51.83,6,A
40.4,2,A
64.86,8,A
51.32,3,A
55.83,4,A
61.88,2,A
45.35,4,A
55.7,1,A
40.17,2,A
61.46,7,A
41.67,4,A
44.85,3,A
53.25,8,A
41.92,5,A
63.38,4,A
55.52,8,A
59.16,7,A
62.14,6,A
33.4,9,A
41.01,3,A
39.59,3,A
48.31,6,A
47.96,4,A
40.43,5,A
50.35,4,A
46.08,3,A
48.83,5,A
50.29,4,A
56.23,4,A
36.93,4,A
51.13,8,A
45.21,3,A
47.56,8,A
49.5,9,A
41.22,8,A
65.02,3,A
61.22,9,A
39.6,7,A
59.64,6,A
50.75,8,A
55.84,3,A
51.12,6,A
54.09,6,A
45.71,7,A
64.43,5,A
51.49,2,A
42.73,5,A
55.28,2,A
46.47,7,A
65.79,3,A
42.04,5,A
52.88,5,A
51.86,2,A
42.75,4,A
41.34,3,A
37.14,6,A
51.39,9,A
41.93,4,A
64.54,7,A
50.24,8,A
43.43,10,A
26.87,3,A
55.75,3,A
51.23,5,A
45.6,4,A
53.04,9,A
74.2,3,A
68.53,3,A
61.21,1,A
51.91,2,A
39.73,7,A
63.49,4,A
41.37,1,A
58.09,6,A
41.1,4,A
29.32,6,A
53.43,5,A
42.54,5,A
48.38,6,A
53.68,2,A
43.9,1,A
50.56,4,A
62.59,4,A
37.18,3,A
48.98,6,A
46.67,6,A
56.56,3,A
48.74,3,A
63.24,3,A
36.26,11,A
37.36,2,A
48.48,1,A
29.42,7,A
55.04,5,A
54.05,2,A
49.24,1,A
51.72,5,A
43.03,7,A
56.77,7,A
31.62,5,A
30.61,2,A
39.68,4,A
44.39,4,A
47.51,9,A
59.39,5,A
65.3,5,A
44.3,3,A
47.74,3,A
57.2,7,A
37.62,3,A
44.39,3,A
51.67,5,A
59.58,4,A
42.08,7,A
34.59,5,A
60.39,8,A
59.46,6,A
56.72,3,A
55.09,4,A
59.63,3,A
54.41,4,A
46.15,5,A
29.92,4,A
52.07,3,A
57.64,6,A
55.9,3,A
44.65,4,A
60.79,6,A
50.38,6,A
62.09,3,A
51.05,4,A
53.11,2,A
64.75,7,A
61.68,6,A
51.3,5,A
59.63,1,A
56.13,6,A
42.12,4,A
60.37,7,A
37.6,6,A
51.12,4,A
46.04,2,A
42.52,10,A
66.51,10,A
37.17,5,A
55.8,5,A
56.27,4,A
65.04,8,A
43.77,6,A
63.01,7,A
42.77,6,A
44.26,8,A
55.84,9,A
52.42,7,A
29.67,5,A
46.95,8,A
46.28,5,A
55.74,5,A
56.12,3,A
54.26,4,A
56.04,1,A
60.79,8,A
50.19,5,A
50.72,6,A
52.72,2,A
61.67,5,A
47.17,5,A
51.93,5,A
38.38,6,A
57.32,9,A
39.57,4,A
68.99,4,A
35.39,7,A
56.91,8,A
48.66,4,A
57.91,4,A
41.25,6,A
46.26,8,A
27.99,2,A
40.4,5,A
45.54,3,A
34.68,6,A
48.75,6,A
46.79,7,A
53.83,6,A
51.13,5,A
61.03,7,A
32.3,5,A
55.84,5,A
29.73,4,A
58.43,5,A
45.56,3,A
56.99,7,A
42.04,4,A
54.03,3,A
49.17,5,A
55.12,6,A
39.28,6,A
39.88,4,A
34.49,8,A
50.52,7,A
40.7,2,A
53.33,3,A
34.04,5,A
45.54,11,A
52.09,8,A
45.01,8,A
52.06,3,A
58.46,5,A
37.58,7,A
46.91,2,A
48.57,8,A
25.39,7,A
53.29,8,A
55.97,3,A
39.14,7,A
48.74,4,A
52.26,2,A
67.57,7,A
38.43,4,A
29.59,4,A
39.81,8,A
37.84,3,A
53.56,2,A
48.79,2,A
37.66,2,A
52.05,7,A
65.27,6,A
38.74,6,A
29.28,3,A
21.6,3,A
28.7,0,A
46.08,7,A
42.02,5,A
49.96,1,A
48.05,9,A
61.36,5,A
52.83,7,A
69.19,4,A
33.2,3,A
51.27,5,A
54.48,2,A
42.47,7,A
46.2,5,A
47.92,2,A
49.43,5,A
38.26,5,A
30.5,5,A
48.88,7,A
49.45,4,A
60.69,6,A
57.36,7,A
51.15,6,A
30.3,1,A
55.41,3,A
44.98,3,A
56.9,10,A
36.37,5,A
55.2,1,A
66.98,9,A
65.93,3,A
50.89,5,A
40.97,3,A
46.17,3,A
43.19,5,A
42.01,6,A
66.26,6,A
48.41,6,A
64.68,10,A
65.17,2,A
40.48,4,A
38.74,7,A
39.83,4,A
42.94,3,A
54.04,7,A
35.32,6,A
62.47,4,A
39.72,7,A
47.95,9,A
40.29,7,A
51.25,5,A
51.77,3,A
32.28,8,A
44.08,5,A
52.84,4,A
48.98,3,A
57.0,8,A
58.22,5,A
41.38,2,A
45.01,7,A
43.28,9,A
52.78,9,A
37.25,8,A
53.88,3,A
53.84,6,A
52.7,1,A
44.56,4,A
50.16,7,A
51.76,4,A
40.61,4,A
56.47,8,A
41.94,6,A
62.92,7,A
65.48,7,A
48.82,2,A
39.13,4,A
30.27,4,A
47.01,6,A
39.04,4,A
36.6,4,A
60.09,3,A
38.5,7,A
60.46,3,A
48.26,5,A
46.74,2,A
44.85,2,A
61.38,6,A
63.88,6,A
44.43,4,A
59.64,6,A
55.07,1,A
56.72,7,A
52.33,4,A
47.04,7,A
45.59,6,A
45.47,5,A
50.18,3,A
38.85,8,A
51.57,3,A
56.38,1,A
43.52,8,A
53.46,5,A
45.74,4,A
46.48,6,A
50.63,8,A
43.06,3,A
34.77,4,A
47.34,5,A
59.12,11,A
41.22,4,A
46.41,10,A
45.58,4,A
45.28,7,A
55.43,6,A
54.32,4,A
40.04,3,A
62.46,5,A
60.24,4,A
54.78,6,A
52.11,4,A
46.1,6,A
46.13,9,A
45.62,5,A
56.74,3,A
42.62,4,A
74.88,7,A
33.22,3,A
39.93,4,A
60.35,2,A
54.66,4,A
34.96,6,A
58.1,8,A
46.64,2,A
63.0,6,A
48.1,9,A
38.66,3,A
48.91,0,A
63.5,4,A
44.26,4,A
36.23,3,A
45.16,5,A
49.35,8,A
49.73,11,A
54.63,5,A
54.04,7,A
60.63,6,A
40.05,0,A
61.61,1,A
45.63,8,A
40.1,4,A
35.24,7,A
49.02,7,A
50.07,8,A
54.38,4,A
56.85,3,A
42.39,4,A
49.53,4,A
37.42,8,A
57.2,6,A
38.4,4,A
50.1,5,A
53.42,1,A
50.55,4,A
45.7,7,A
48.56,3,A
59.31,7,A
46.6,4,A
49.49,3,A
40.67,5,A
62.34,3,A
56.89,7,A
52.19,4,A
39.67,5,A
49.69,5,A
56.33,3,A
44.21,5,A
43.54,6,A
33.63,5,A
58.27,1,A
40.18,6,A
50.38,5,A
37.68,5,A
50.65,3,A
44.0,7,A
50.05,8,A
56.99,7,A
66.04,5,A
33.17,2,A
45.31,6,A
64.43,8,A
52.05,4,A
45.12,4,A
55.8,8,A
55.43,4,A
43.25,4,A
55.56,4,A
47.95,8,A
66.13,5,A
50.75,2,A
64.75,4,A
36.52,7,A
60.46,4,A
49.37,9,A
50.69,7,A
70.29,8,A
50.64,2,A
38.68,4,A
56.9,3,A
43.42,8,A
40.0,6,A
66.08,4,A
62.75,6,A
50.25,10,A
41.55,3,A
51.98,3,A
56.02,5,A
47.55,3,A
45.86,6,A
44.31,4,A
63.6,2,A
51.62,6,A
47.76,3,A
49.68,9,A
45.02,5,A
37.79,3,A
49.27,5,A
39.67,9,A
50.9,9,A
29.54,5,A
44.2,6,A
59.43,5,A
45.78,8,A
48.82,5,A
51.48,6,A
36.11,9,A
47.52,6,A
57.27,9,A
47.95,5,A
49.19,7,A
54.0,4,A
52.27,7,A
62.39,4,A
48.22,5,A
71.83,5,A
42.53,3,A
41.02,9,A
39.76,8,A
54.67,4,A
65.55,3,A
56.67,5,A
58.09,3,A
45.26,11,A
48.47,6,A
60.23,2,A
39.97,3,A
67.34,1,A
67.87,3,A
29.69,6,A
54.15,5,A
51.15,3,A
50.1,5,A
68.64,3,A
54.16,3,A
43.23,3,A
63.62,4,A
52.73,3,A
64.16,7,A
50.08,3,A
47.15,3,A
49.3,1,A
43.37,4,A
49.88,5,A
55.95,8,A
47.52,8,A
56.61,6,A
53.26,6,A
55.77,5,A
44.67,7,A
55.07,4,A
39.75,3,A
65.73,5,A
49.55,3,A
59.63,4,A
54.67,5,A
56.32,8,A
44.71,6,A
45.95,3,A
54.84,6,A
47.34,6,A
45.73,3,A
48.84,7,A
57.45,6,A
60.97,9,A
50.64,4,A
52.12,5,A
34.72,5,A
53.49,4,A
56.82,3,A
50.26,5,A
44.29,6,A
29.93,4,A
58.14,7,A
43.63,8,A
52.03,4,A
55.81,6,A
69.54,7,A
35.54,6,A
37.06,8,A
44.46,4,A
53.36,11,A
54.1,8,A
41.54,8,A
37.17,2,A
48.39,5,A
51.92,7,A
60.39,7,A
40.03,4,A
32.36,5,A
65.55,2,A
58.83,3,A
59.37,6,A
74.91,5,A
51.97,5,A
35.67,5,A
41.93,4,A
48.01,6,A
29.85,6,A
57.22,7,A
52.76,4,A
71.84,3,A
57.11,5,A
45.24,3,A
65.49,6,A
58.16,9,A
30.44,3,A
58.54,7,A
55.85,5,A
54.94,7,A
66.46,6,A
44.42,6,A
63.96,5,A
44.38,5,A
67.31,5,A
54.63,2,A
50.98,0,A
66.8,6,A
52.43,6,A
39.4,8,A
50.63,3,A
49.28,6,A
72.16,5,A
36.74,7,A
52.48,8,A
59.95,7,A
65.88,8,A
49.83,9,A
60.85,5,A
59.7,10,A
66.76,2,A
50.68,4,A
44.67,5,A
53.88,4,A
48.34,4,A
46.08,3,A
58.53,8,A
53.43,6,A
51.34,8,A
74.11,6,A
55.79,5,A
71.3,8,A
59.34,9,A
73.13,3,A
38.97,4,A
31.88,7,A
26.14,5,A
35.39,8,A
60.21,6,A
49.17,0,A
35.29,3,A
51.57,5,A
56.01,4,A
59.08,5,A
56.78,6,A
56.02,5,A
31.3,5,A
56.1,9,A
60.55,7,A
64.6,3,A
32.09,6,A
52.49,6,A
61.01,7,A
57.26,6,A
34.42,6,A
44.44,7,A
45.53,5,A
44.78,6,A
31.13,6,A
39.02,4,A
53.34,2,A
51.01,5,A
48.81,6,A
50.16,4,A
66.56,4,A
51.05,4,A
51.44,5,A
49.22,5,A
44.82,7,A
55.23,8,A
45.51,3,A
44.53,4,A
25.9,3,A
61.28,6,A
30.89,5,A
41.6,6,A
69.79,6,A
47.48,3,A
50.64,3,A
62.55,3,A
40.97,6,A
64.38,6,A
72.33,5,A
57.8,8,A
60.3,7,A
45.25,8,A
61.46,6,A
50.14,3,A
51.31,2,A
41.42,6,A
33.65,8,A
37.09,7,A
35.76,7,A
54.8,6,A
41.47,6,A
43.54,4,A
42.72,3,A
56.12,2,A
51.91,6,A
39.26,7,A
50.81,5,A
53.0,5,A
43.65,8,A
58.17,5,A
58.88,5,A
49.9,6,A
49.94,3,A
63.02,3,A
41.73,4,A
58.95,2,A
52.33,6,A
49.25,7,A
71.63,6,A
53.34,8,A
40.49,5,A
35.32,2,A
41.45,3,A
61.34,5,A
43.15,8,A
42.32,5,A
30.44,4,A
56.59,6,A
45.05,4,A
47.22,7,A
34.87,4,A
47.16,4,A
44.75,3,A
41.62,9,A
47.67,4,A
51.09,7,A
54.14,8,A
74.51,5,A
51.47,7,A
29.96,6,A
35.52,6,A
51.63,7,A
31.73,8,A
65.39,5,A
41.39,10,A
43.95,5,A
54.48,8,A
58.12,8,A
53.04,4,A
43.05,4,A
56.28,7,A
42.21,8,A
35.47,3,A
42.97,8,A
70.3,2,A
41.82,3,A
63.43,10,A
45.45,3,A
56.25,6,A
41.64,1,A
49.85,5,A
44.93,5,A
45.35,6,A
66.26,3,A
56.11,1,A
40.37,4,A
27.14,4,A
46.89,6,A
52.27,1,A
40.92,6,A
58.37,2,A
32.08,4,A
50.93,6,A
67.87,2,A
59.36,7,A
47.05,5,A
59.87,4,A
32.52,10,A
43.65,2,A
49.98,4,A
61.27,6,A
40.5,4,A
62.04,5,A
50.56,3,A
31.4,7,A
41.91,6,A
38.34,4,A
42.44,3,A
45.94,6,A
60.7,3,A
55.02,3,A
50.91,5,A
54.92,2,A
65.84,6,A
55.84,4,A
51.61,2,A
45.94,3,A
31.39,5,A
41.02,7,A
34.61,6,A
34.0,6,A
34.34,0,A
53.94,4,A
53.75,3,A
69.02,5,A
60.75,5,A
50.41,3,A
49.24,5,A
65.23,5,A
44.8,7,A
48.77,6,A
48.43,3,A
56.71,8,A
53.06,5,A
26.95,8,A
46.54,4,A
43.23,4,A
59.07,1,A
35.88,4,A
49.41,7,A
45.0,7,A
58.96,6,A
60.01,6,A
43.02,7,A
43.2,7,A
62.91,7,A
39.21,6,A
40.92,7,A
41.31,5,A
69.15,3,A
69.44,8,A
48.14,3,A
53.95,3,A
62.97,2,A
74.19,9,A
51.73,3,A
28.32,3,A
46.75,4,A
47.98,8,A
43.98,4,A
41.47,6,A
77.94,8,A
53.72,6,A
60.71,6,A
52.3,4,A
56.09,6,A
25.69,8,A
45.3,5,A
58.88,6,A
59.43,6,A
57.76,5,A
47.29,3,A
28.69,6,A
42.88,5,A
57.96,2,A
46.72,3,A
60.59,8,A
36.03,6,A
64.94,1,A
53.9,4,A
49.08,5,A
38.58,3,A
38.13,4,A
46.65,3,A
46.88,6,A
49.9,4,A
48.73,8,A
31.88,6,A
62.58,5,A
61.6,3,A
52.03,4,A
28.98,5,A
64.43,3,A
48.26,3,A
53.25,3,A
45.32,4,A
49.93,11,A
50.28,6,A
48.58,8,A
67.82,6,A
59.91,6,A
64.55,7,A
58.33,3,A
32.88,6,A
57.98,6,A
52.67,6,A
51.51,5,A
54.46,3,A
69.63,5,A
49.92,2,A
48.66,6,A
38.6,2,A
39.93,5,A
66.74,6,A
40.44,6,A
52.86,5,A
39.75,8,A
61.33,1,A
57.2,2,A
65.91,3,A
40.0,9,A
49.98,4,A
66.0,3,A
52.84,4,A
59.6,5,A
48.82,6,A
41.85,6,A
53.52,9,A
47.65,6,A
56.01,6,A
46.18,1,A
64.8,8,A
69.64,8,A
56.23,2,A
34.12,4,A
61.8,1,A
31.13,4,A
73.18,8,A
55.61,6,A
51.84,2,A
59.76,4,A
54.84,7,A
36.31,6,A
29.94,4,A
49.01,4,A
47.93,5,A
54.86,4,A
34.3,8,A
53.1,4,A
41.62,4,A
67.55,9,A
60.29,6,A
60.44,3,A
30.15,6,A
48.98,7,A
45.56,4,A
46.39,7,A
54.84,3,A
45.67,7,A
47.0,5,A
40.99,7,A
50.64,5,A
53.24,3,A
61.45,9,A
48.35,3,A
33.51,4,A
47.64,5,A
31.37,5,A
41.53,5,A
56.07,6,A
54.43,4,A
65.17,4,A
50.66,6,A
56.41,7,A
49.76,5,A
44.0,4,A
55.67,2,A
53.45,5,A
48.64,6,A
39.16,5,A
43.46,6,A
48.79,5,A
51.7,5,A
34.76,5,A
41.93,6,A
64.32,4,A
45.64,6,A
49.3,5,A
41.5,4,A
54.82,5,A
48.47,4,A
43.07,1,A
64.36,6,A
66.9,5,A
60.9,6,A
42.6,5,A
60.85,5,A
66.57,2,A
53.67,6,A
65.02,11,A
43.18,4,A
52.0,3,A
54.1,4,A
47.57,6,A
49.57,5,A
44.84,7,A
55.73,1,A
37.3,5,A
55.44,5,A
47.04,4,A
51.36,9,A
70.59,2,A
56.02,6,A
46.99,7,A
53.64,3,A
39.17,4,A
39.19,8,A
52.8,7,A
55.62,3,A
43.95,3,A
39.31,6,A
42.46,5,A
47.59,4,A
40.71,5,A
31.62,2,A
31.14,9,A
39.21,6,A
50.7,7,A
47.91,4,A
54.47,4,A
47.52,2,A
65.2,7,A
59.48,4,A
62.58,5,A
50.47,6,A
53.41,3,A
83.42,5,A
58.78,3,A
41.65,7,A
53.0,3,A
56.12,0,A
37.54,5,A
46.08,7,A
34.55,7,A
46.45,4,A
66.17,6,A
44.1,2,A
56.24,5,A
53.48,5,A
70.32,4,A
46.94,6,A
36.98,6,A
49.3,3,A
27.04,6,A
45.28,6,A
50.03,2,A
68.13,2,A
26.78,2,A
58.24,5,A
46.98,6,A
34.04,9,A
53.49,4,A
44.63,2,A
51.27,6,A
62.51,4,A
42.25,5,A
39.53,6,A
46.59,4,A
27.8,6,A
52.12,7,A
49.26,7,A
55.56,5,A
40.53,4,A
53.96,1,A
44.44,7,A
61.23,3,A
32.67,3,A
36.99,3,A
49.41,4,A
57.89,6,A
50.86,5,A
57.64,8,A
51.43,5,A
37.73,3,A
58.56,3,A
45.26,4,A
37.1,6,A
44.41,3,A
50.62,7,A
55.14,1,A
39.01,5,A
52.11,7,A
64.48,5,A
48.69,6,A
57.18,5,A
59.04,6,A
48.86,7,A
59.12,7,A
45.86,7,A
60.78,0,A
56.91,5,A
34.95,0,A
47.84,4,A
48.14,2,A
44.89,1,A
65.76,9,A
41.39,8,A
66.81,5,A
58.92,3,A
46.72,7,A
44.12,2,A
53.59,2,A
60.9,5,A
38.06,7,A
64.21,7,A
56.61,8,A
48.03,5,A
48.63,4,A
46.73,5,A
51.97,5,A
60.65,5,A
54.41,6,A
65.88,5,A
38.04,4,A
26.27,4,A
60.05,6,A
50.65,4,A
50.07,4,A
44.68,1,A
69.88,7,A
48.53,6,A
61.06,8,A
54.4,4,A
65.32,3,A
48.91,2,A
47.33,3,A
49.7,3,A
35.97,7,A
55.46,5,A
49.48,4,A
45.89,8,A
45.69,3,A
70.45,6,A
58.45,6,A
65.42,6,A
38.21,5,A
42.86,4,A
44.62,2,A
58.27,6,A
34.84,8,A
56.96,7,A
58.07,11,A
51.52,8,A
36.76,7,A
51.86,4,A
57.16,4,A
48.67,3,A
59.0,4,A
54.36,2,A
41.52,4,A
46.37,5,A
51.91,6,A
65.6,6,A
61.92,4,A
40.24,5,A
65.11,5,A
26.3,7,A
41.87,6,A
51.6,6,A
43.69,4,A
63.9,7,A
72.04,3,A
50.67,4,A
57.78,1,A
69.93,3,A
56.26,6,A
44.91,7,A
52.01,7,A
41.83,5,A
49.27,5,A
40.09,5,A
75.09,5,A
44.64,4,A
41.63,6,A
54.41,5,A
27.46,5,A
52.21,5,A
74.91,4,A
25.48,5,A
52.75,4,A
45.21,7,A
49.97,6,A
55.33,5,A
30.34,6,A
53.01,4,A
58.27,6,A
41.23,6,A
46.1,4,A
60.1,5,A
51.02,7,A
52.59,4,A
43.26,2,A
50.62,8,A
46.51,8,A
49.64,5,A
50.67,4,A
65.59,9,A
45.58,7,A
55.72,5,A
44.47,4,A
55.88,5,A
47.4,6,A
64.15,8,A
61.37,1,A
35.09,4,A
47.59,5,A
53.96,4,A
63.61,5,A
45.05,4,A
43.89,5,A
57.82,7,A
50.96,3,A
42.94,5,A
67.08,1,A
49.88,6,A
37.35,5,A
53.29,6,A
37.04,5,A
50.28,4,A
50.96,6,A
46.38,6,A
34.79,4,A
38.92,7,A
46.54,4,A
62.24,10,A
50.96,1,A
53.23,6,A
53.89,2,A
74.41,5,A
50.85,5,A
62.67,1,A
36.33,8,A
50.48,8,A
43.32,4,A
50.78,2,A
49.62,4,A
52.6,4,A
45.29,9,A
64.98,3,A
41.82,4,A
55.3,4,A
52.57,7,A
51.53,2,A
46.71,4,A
52.3,3,A
43.69,6,A
29.7,6,A
53.59,5,A
48.51,8,A
29.01,3,A
56.14,9,A
56.83,5,A
59.93,7,A
52.72,4,A
59.63,3,A
32.63,4,A
26.62,5,A
66.95,5,A
35.24,2,A
66.96,4,A
54.87,6,A
70.04,1,A
45.11,6,A
44.77,2,A
75.68,7,A
53.45,5,A
55.01,6,A
34.24,4,A
52.42,5,A
37.0,5,A
49.14,6,A
49.35,6,A
32.54,8,A
52.15,4,A
47.49,5,A
54.5,5,A
31.58,6,A
59.91,7,A
34.02,6,A
57.14,2,A
38.27,8,A
33.56,7,A
57.74,4,A
51.29,5,A
51.87,4,A
41.31,5,A
16.39,8,A
56.55,5,A
41.0,6,A
31.72,2,A
63.75,4,A
67.15,7,A
33.66,8,A
40.32,6,A
52.41,3,A
56.56,4,A
50.32,5,A
50.72,5,A
25.17,6,A
45.32,6,A
45.15,7,A
38.63,4,A
63.43,4,A
32.45,6,A
34.68,7,A
49.89,2,A
66.63,9,A
34.11,5,A
56.86,4,A
46.14,5,A
69.49,1,A
67.46,4,A
37.83,7,A
52.81,5,A
35.42,3,A
48.84,4,A
58.43,2,A
37.76,5,A
29.88,4,A
49.48,2,A
36.84,5,A
53.5,5,A
48.95,2,A
51.91,6,A
72.14,6,A
51.91,6,A
32.58,6,A
52.68,3,A
58.94,5,A
63.95,3,A
36.88,5,A
57.25,3,A
44.51,6,A
58.4,7,A
38.4,4,A
44.95,5,A
47.87,4,A
35.83,6,A
24.58,4,A
48.71,5,A
56.67,3,A
48.72,6,A
47.6,1,A
55.05,6,A
62.81,6,A
50.86,4,A
51.63,4,A
27.83,5,A
50.4,7,A
53.69,5,A
48.17,4,A
38.25,6,A
54.66,3,A
42.41,7,A
52.04,1,A
67.41,4,A
50.71,7,A
48.45,6,A
58.03,4,A
64.12,4,A
41.6,7,A
42.32,6,A
69.72,4,A
60.39,7,A
57.86,6,A
58.88,6,A
54.94,7,A
48.64,4,A
69.66,4,A
55.4,9,A
42.27,4,A
58.67,1,A
58.64,1,A
49.85,8,A
37.14,2,A
33.95,5,A
40.72,6,A
56.34,6,A
72.41,7,A
48.52,7,A
68.6,4,A
61.86,7,A
52.59,5,A
50.94,6,A
58.56,7,A
62.48,7,A
27.48,5,A
37.26,1,A
70.3,3,A
42.54,5,A
54.23,5,A
52.43,11,A
54.87,4,A
33.42,4,A
67.51,7,A
52.69,1,A
55.16,7,A
52.11,4,A
54.27,6,A
56.07,5,A
46.64,5,A
39.64,4,A
43.58,7,A
54.64,5,A
39.87,4,A
52.7,7,A
45.53,4,A
50.34,6,A
53.39,4,A
44.5,8,A
62.6,6,A
53.76,4,A
54.1,7,A
56.2,6,A
49.33,7,A
72.9,7,A
45.83,2,A
57.25,0,A
66.67,5,A
34.86,3,A
51.34,6,A
49.93,5,A
49.43,7,A
49.56,4,A
64.63,8,A
68.18,5,A
56.45,6,A
35.82,5,A
51.35,6,A
48.34,5,A
45.94,6,A
42.37,5,A
60.81,6,A
36.82,5,A
47.77,6,A
59.02,3,A
60.99,4,A
63.68,4,A
40.54,5,A
47.81,6,A
49.72,4,A
58.11,7,A
60.73,5,A
47.39,7,A
63.15,0,A
71.55,4,A
55.78,7,A
44.77,3,A
36.18,5,A
55.18,5,A
67.74,1,A
59.16,8,A
55.51,8,A
40.01,1,A
49.71,6,A
56.49,4,A
55.05,7,A
57.91,7,A
50.49,3,A
56.18,6,A
51.35,2,A
48.29,5,A
30.16,5,A
57.01,7,A
42.9,6,A
64.85,6,A
61.21,7,A
31.6,5,A
43.61,3,A
35.6,1,A
55.47,9,A
37.15,7,A
48.09,5,A
49.65,11,A
31.25,4,A
54.0,6,A
47.68,4,A
48.19,6,A
37.64,7,A
63.66,1,A
34.94,5,A
34.41,4,A
47.46,2,A
60.78,6,A
55.58,4,A
44.49,4,A
36.07,5,A
49.26,7,A
64.9,6,A
53.25,3,A
54.25,7,A
48.47,3,A
50.56,5,A
45.67,7,A
59.67,3,A
47.77,5,A
51.2,9,A
52.57,5,A
56.52,7,A
63.71,6,A
63.72,8,A
65.08,3,A
48.42,5,A
41.08,2,A
46.2,5,A
47.74,7,A
50.78,5,A
62.3,5,A
38.42,2,A
51.55,6,A
41.31,6,A
57.2,5,A
51.97,7,A
34.74,4,A
62.81,4,A
55.97,4,A
54.99,6,A
58.13,4,A
66.86,6,A
45.03,11,A
53.54,7,A
23.2,8,A
64.13,6,A
53.11,3,A
62.58,8,A
57.68,2,A
29.13,5,A
58.83,5,A
44.83,7,A
40.46,7,A
58.92,4,A
56.04,6,A
41.14,6,A
48.35,7,A
56.17,1,A
47.57,5,A
44.22,5,A
52.85,4,A
41.15,7,A
47.82,4,A
66.89,3,A
43.25,7,A
74.47,5,A
47.43,2,A
49.34,3,A
56.37,3,A
50.64,4,A
60.36,5,A
45.74,5,A
60.32,5,A
59.08,5,A
40.87,5,A
63.55,1,A
54.65,4,A
53.47,4,A
41.7,5,A
55.76,7,A
53.33,5,A
49.58,4,A
40.9,5,A
54.32,5,A
52.11,11,A
54.34,3,A
41.75,5,A
49.19,5,A
46.8,6,A
30.97,8,A
42.42,4,A
30.31,6,A
32.95,10,A
58.13,6,A
64.32,3,A
39.93,4,A
40.63,3,A
48.81,6,A
40.34,2,A
54.29,9,A
47.92,7,A
55.11,6,A
58.93,6,A
34.04,6,A
50.3,8,A
51.38,4,A
42.02,1,A
39.33,6,A
49.76,7,A
46.96,1,A
58.61,5,A
32.53,4,A
38.94,8,A
46.81,9,A
50.56,5,A
37.57,6,A
49.86,5,A
53.57,4,A
35.15,5,A
36.91,6,A
60.04,5,A
41.25,3,A
49.53,7,A
44.54,7,A
53.61,3,A
62.81,7,A
49.22,8,A
52.34,7,A
55.11,3,A
50.03,9,A
54.39,3,A
47.56,5,A
39.39,8,A
46.85,7,A
37.68,7,A
50.56,5,A
179.22,95,D
192.34,69,D
140.25,92,D
184.28,70,D
200.58,50,D
197.99,95,D
199.81,32,B
168.45,70,D
197.87,74,D
172.08,87,D
164.31,45,D
162.56,56,D
165.2,74,D
211.36,5,B
157.51,59,D
208.47,26,B
180.95,85,D
167.83,70,D
144.23,49,D
163.82,79,D
186.28,4,B
182.21,72,D
149.08,78,D
171.83,50,D
212.8,51,D
185.3,49,D
170.11,49,D
175.82,80,D
234.52,88,D
164.03,86,D
200.77,79,D
168.47,56,D
184.79,89,D
158.61,71,D
192.11,68,D
176.49,82,D
190.97,76,D
175.93,53,D
157.99,44,D
197.56,57,D
140.32,56,D
162.56,23,B
181.12,58,D
197.26,76,D
156.85,58,D
164.13,99,D
187.37,86,D
174.32,28,B
145.21,96,D
178.05,29,B
183.7,74,D
121.07,57,D
171.16,51,D
148.0,66,D
162.93,75,D
163.17,91,D
184.96,65,D
178.28,71,D
190.13,52,D
167.55,70,D
176.01,70,D
157.02,21,B
173.72,84,D
224.47,52,D
219.46,75,D
156.79,46,D
193.01,43,D
191.2,70,D
183.98,61,D
181.04,58,D
192.37,99,D
185.03,41,D
202.94,80,D
178.47,99,D
213.93,47,D
188.36,63,D
164.08,71,D
173.91,75,D
175.29,34,B
208.65,45,D
212.49,25,B
183.78,56,D
162.3,74,D
164.83,53,D
172.53,76,D
179.26,79,D
187.12,99,D
191.47,93,D
202.02,38,B
188.06,75,D
201.54,90,D
165.23,57,D
183.92,29,B
166.22,77,D
167.75,41,D
219.54,39,B
209.43,64,D
145.28,91,D
185.5,67,D
168.77,55,D
174.41,36,B
169.45,67,D
159.2,46,D
184.76,56,D
228.21,61,D
151.81,67,D
158.47,100,D
186.03,65,D
169.85,99,D
154.52,51,D
198.3,99,D
149.71,78,D
182.53,99,D
204.62,38,B
224.94,27,B
177.2,87,D
182.4,83,D
189.88,97,D
214.17,73,D
159.8,58,D
150.8,8,B
149.55,7,B
154.72,19,B
188.1,15,B
151.59,4,B
209.27,11,B
184.26,7,B
184.77,15,B
168.27,14,B
178.52,17,B
190.16,12,B
176.3,18,B
195.01,10,B
176.1,5,B
186.4,19,B
158.63,13,B
190.1,6,B
198.1,3,B
165.93,1,B
162.35,13,B
203.98,11,B
177.21,16,B
192.25,12,B
164.47,7,B
210.88,12,B
171.76,12,B
180.06,8,B
166.36,1,B
203.85,12,B
200.37,1,B
149.51,10,B
180.26,15,B
203.91,12,B
203.13,11,B
139.35,6,B
158.88,20,B
194.37,15,B
170.38,16,B
179.61,15,B
221.45,3,B
181.05,4,B
179.97,0,B
192.78,7,B
174.71,9,B
168.64,5,B
156.17,17,B
186.51,15,B
173.21,14,B
166.02,12,B
159.14,8,B
207.13,13,B
183.67,14,B
171.29,14,B
200.64,10,B
179.25,12,B
177.43,10,B
180.8,9,B
166.45,17,B
156.41,10,B
172.5,5,B
158.02,8,B
179.76,8,B
163.26,13,B
177.75,12,B
184.44,5,B
187.98,15,B
146.8,18,B
196.9,1,B
171.24,1,B
220.23,2,B
200.41,7,B
207.52,10,B
183.1,14,B
175.04,10,B
173.26,19,B
159.7,11,B
175.37,18,B
198.44,3,B
168.76,5,B
165.87,3,B
145.73,9,B
179.68,0,B
184.94,11,B
227.52,7,B
149.36,9,B
182.32,15,B
200.6,18,B
183.21,13,B
195.43,9,B
185.17,4,B
179.33,5,B
196.17,12,B
183.14,9,B
156.71,17,B
174.79,10,B
174.48,4,B
220.39,7,B
189.07,4,B
152.64,16,B
185.33,8,B
176.88,7,B
171.65,15,B
166.33,8,B
163.94,0,B
192.77,14,B
206.13,9,B
173.2,16,B
171.41,12,B
202.04,7,B
168.84,7,B
178.48,7,B
188.51,13,B
187.13,19,B
192.89,15,B
163.5,9,B
174.78,14,B
182.67,9,B
193.88,9,B
147.55,12,B
182.63,12,B
169.78,15,B
225.68,2,B
206.08,15,B
154.75,13,B
165.07,8,B
197.07,14,B
183.97,11,B
165.07,4,B
213.82,7,B
155.84,13,B
188.57,9,B
199.02,9,B
189.61,16,B
178.34,9,B
187.46,7,B
193.3,7,B
169.02,4,B
165.71,6,B
169.48,1,B
174.91,12,B
171.99,13,B
179.52,8,B
172.02,14,B
161.32,9,B
164.26,11,B
206.47,21,B
158.71,9,B
207.08,4,B
177.63,7,B
193.4,12,B
190.06,19,B
171.15,5,B
198.13,16,B
160.23,4,B
167.46,14,B
195.66,4,B
175.16,13,B
194.29,10,B
188.86,6,B
182.61,10,B
180.45,4,B
191.98,10,B
184.19,14,B
211.8,9,B
199.29,21,B
201.79,1,B
187.37,14,B
215.94,8,B
182.43,9,B
210.69,2,B
212.54,13,B
205.43,7,B
185.52,16,B
188.19,3,B
179.74,11,B
217.21,8,B
170.23,13,B
180.18,11,B
191.03,1,B
199.33,9,B
206.15,14,B
170.85,16,B
137.67,4,B
197.27,14,B
148.83,1,B
181.67,8,B
166.1,18,B
185.73,3,B
184.66,8,B
175.8,7,B
189.2,4,B
205.78,9,B
156.87,16,B
185.54,8,B
186.14,11,B
183.3,16,B
190.39,13,B
166.15,11,B
162.71,10,B
189.62,8,B
212.42,7,B
186.3,9,B
152.55,17,B
174.29,10,B
146.35,16,B
134.81,20,B
191.22,8,B
187.7,17,B
219.29,17,B
206.59,10,B
218.79,8,B
171.7,14,B
168.33,10,B
160.71,11,B
217.76,4,B
140.49,7,B
170.73,11,B
196.13,17,B
170.58,22,B
160.52,19,B
181.77,18,B
195.7,12,B
159.86,9,B
162.96,22,B
177.53,4,B
179.4,2,B
156.38,6,B
196.12,8,B
204.96,7,B
184.1,19,B
186.88,9,B
193.86,6,B
171.51,8,B
169.25,9,B
155.86,6,B
176.54,3,B
168.36,13,B
149.91,5,B
189.38,6,B
194.15,12,B
186.47,10,B
185.5,13,B
186.69,15,B
179.23,6,B
158.05,8,B
189.13,6,B
181.82,6,B
150.31,14,B
177.95,8,B
160.49,6,B
184.62,6,B
197.02,8,B
184.32,11,B
195.47,14,B
191.27,8,B
208.19,17,B
178.37,6,B
169.24,4,B
166.62,14,B
189.78,17,B
145.39,15,B
164.47,10,B
163.39,6,B
159.11,15,B
169.56,17,B
188.25,18,B
184.12,7,B
199.37,7,B
175.81,8,B
175.06,9,B
190.85,9,B
188.89,1,B
192.77,14,B
179.24,7,B
170.86,7,B
171.29,19,B
168.9,5,B
161.76,5,B
169.54,12,B
173.72,10,B
180.98,8,B
181.89,17,B
172.85,13,B
244.79,9,B
176.79,8,B
148.44,7,B
216.66,9,B
161.14,10,B
183.38,3,B
175.29,11,B
167.02,10,B
234.09,7,B
168.98,14,B
242.37,15,B
160.78,11,B
190.56,11,B
195.33,14,B
196.23,4,B
209.76,15,B
172.78,5,B
201.99,15,B
162.56,13,B
191.81,7,B
170.72,1,B
189.45,21,B
189.77,16,B
201.69,14,B
191.59,12,B
154.93,14,B
149.19,16,B
165.07,12,B
156.57,7,B
162.34,9,B
177.82,12,B
205.07,15,B
155.83,10,B
181.53,13,B
195.87,3,B
170.3,6,B
167.89,15,B
187.17,7,B
153.81,18,B
164.53,7,B
174.81,13,B
152.1,10,B
157.26,18,B
203.03,10,B
172.78,8,B
164.95,11,B
182.99,5,B
170.9,0,B
150.57,15,B
187.45,4,B
135.98,14,B
187.55,5,B
241.71,22,B
168.04,12,B
156.01,14,B
189.75,9,B
178.42,3,B
211.26,6,B
171.7,12,B
145.07,6,B
194.55,6,B
157.26,10,B
153.34,9,B
193.78,6,B
200.72,20,B
193.21,14,B
176.23,16,B
172.11,12,B
193.31,8,B
174.3,12,B
164.4,10,B
162.68,5,B
173.55,3,B
172.15,8,B
202.84,17,B
197.95,10,B
167.21,5,B
136.52,13,B
199.92,0,B
152.09,24,B
170.87,15,B
137.16,16,B
164.38,8,B
212.41,12,B
163.36,15,B
158.31,4,B
162.26,14,B
211.99,6,B
160.26,20,B
228.96,13,B
182.69,11,B
162.8,11,B
193.58,16,B
161.26,10,B
201.12,19,B
181.35,13,B
168.64,9,B
175.58,9,B
160.2,9,B
192.22,6,B
197.6,10,B
189.82,7,B
205.8,13,B
193.33,12,B
132.03,15,B
190.33,14,B
173.9,11,B
179.11,6,B
209.64,7,B
161.9,15,B
166.62,9,B
161.64,10,B
162.9,10,B
178.88,10,B
171.97,12,B
179.56,17,B
188.59,16,B
151.09,13,B
194.87,8,B
200.21,5,B
196.39,6,B
193.05,11,B
183.61,6,B
166.8,8,B
190.45,14,B
184.29,7,B
197.44,15,B
170.72,7,B
168.56,5,B
168.22,9,B
165.22,16,B
143.37,10,B
224.24,16,B
173.49,8,B
190.04,16,B
178.39,11,B
194.68,2,B
170.72,1,B
181.64,17,B
207.34,9,B
189.85,9,B
142.83,5,B
168.14,1,B
161.94,9,B
151.65,1,B
177.29,10,B
173.02,3,B
182.6,10,B
208.78,11,B
160.5,14,B
170.45,1,B
164.37,7,B
180.1,14,B
192.31,12,B
167.88,6,B
231.57,13,B
189.68,10,B
192.61,10,B
218.21,11,B
168.88,14,B
150.0,8,B
178.17,10,B
190.84,1,B
211.34,15,B
161.98,9,B
208.42,7,B
185.7,17,B
165.15,9,B
166.68,14,B
213.12,3,B
217.91,3,B
159.47,22,B
176.44,5,B
173.35,6,B
194.1,4,B
176.01,16,B
193.08,9,B
180.84,21,B
191.52,9,B
141.96,15,B
154.33,3,B
185.15,10,B
185.38,7,B
208.96,18,B
176.97,4,B
162.58,1,B
184.14,9,B
154.74,1,B
180.91,11,B
184.74,1,B
186.24,4,B
181.3,11,B
180.36,13,B
163.72,6,B
177.04,6,B
154.59,19,B
196.37,17,B
219.84,15,B
189.97,3,B
168.09,5,B
190.94,20,B
192.12,16,B
218.67,1,B
188.26,14,B
200.32,9,B
188.22,12,B
207.01,18,B
173.38,11,B
161.51,5,B
169.75,5,B
169.66,11,B
150.46,14,B
176.96,23,B
200.62,8,B
197.08,14,B
196.95,11,B
116.58,4,A
174.58,5,B
187.16,11,B
184.46,4,B
170.72,15,B
168.24,10,B
187.67,17,B
218.58,9,B
155.02,9,B
153.84,9,B
180.65,16,B
168.76,7,B
153.5,1,B
159.53,15,B
207.44,13,B
229.3,15,B
180.6,13,B
165.09,4,B
205.4,11,B
171.19,10,B
188.24,3,B
189.25,7,B
160.94,13,B
185.58,3,B
171.79,6,B
179.7,9,B
193.68,8,B
195.95,4,B
169.72,6,B
207.05,13,B
205.62,11,B
166.64,11,B
168.34,9,B
185.5,13,B
191.31,7,B
140.59,3,B
188.61,9,B
167.46,11,B
186.26,4,B
188.34,18,B
157.73,12,B
175.69,16,B
134.54,10,B
190.28,10,B
168.01,3,B
188.49,11,B
164.43,12,B
186.42,14,B
201.97,17,B
201.38,1,B
196.34,9,B
171.64,16,B
183.96,6,B
192.31,8,B
180.63,12,B
194.13,11,B
175.76,5,B
163.89,8,B
164.29,12,B
170.9,15,B
166.87,15,B
164.77,6,B
184.45,12,B
191.82,7,B
183.61,14,B
171.42,4,B
186.55,8,B
200.37,6,B
166.72,9,B
192.38,10,B
151.88,4,B
196.56,1,B
172.43,11,B
169.64,9,B
177.33,1,B
156.76,15,B
165.76,5,B
176.43,11,B
159.11,16,B
186.67,15,B
169.32,10,B
177.78,11,B
180.73,1,B
202.18,1,B
159.31,10,B
166.8,10,B
177.09,7,B
170.6,3,B
190.14,13,B
201.05,9,B
174.91,14,B
168.01,15,B
152.99,6,B
145.17,15,B
174.44,9,B
181.52,14,B
185.27,9,B
176.37,11,B
159.92,15,B
150.21,1,B
152.6,15,B
197.71,9,B
174.78,4,B
156.2,4,B
174.5,6,B
210.4,10,B
200.05,9,B
164.96,5,B
176.5,11,B
192.86,21,B
188.22,8,B
178.57,17,B
203.38,8,B
192.32,14,B
176.15,9,B
156.61,20,B
176.51,14,B
190.66,7,B
154.62,5,B
162.97,15,B
207.96,7,B
176.65,11,B
164.56,0,B
203.41,7,B
182.19,15,B
201.68,16,B
135.38,8,B
153.45,1,B
182.71,11,B
177.44,4,B
208.52,5,B
175.58,11,B
161.6,6,B
168.09,12,B
168.77,10,B
158.86,14,B
182.16,6,B
199.42,8,B
172.99,10,B
182.44,10,B
166.96,8,B
153.58,12,B
185.68,18,B
214.8,20,B
185.39,20,B
169.35,19,B
181.75,10,B
159.89,17,B
196.52,12,B
169.65,14,B
192.21,8,B
180.29,20,B
222.08,11,B
165.1,13,B
212.75,9,B
170.64,13,B
196.2,14,B
189.99,12,B
208.96,10,B
219.39,1,B
188.25,10,B
187.13,12,B
187.28,8,B
192.74,13,B
211.2,8,B
189.88,9,B
165.58,6,B
191.88,7,B
194.22,12,B
167.22,2,B
185.37,14,B
203.8,22,B
167.05,10,B
177.48,19,B
170.22,16,B
209.76,18,B
160.04,10,B
176.17,5,B
170.91,12,B
176.14,5,B
168.03,9,B
